id,first_name,last_name,email,gender,interests,latitute,longitute,phone
1,Dayna,Gilmartin,dgilmartin0@guardian.co.uk,Female,throughput,41.7555687,42.8315218,636-483-5505
2,Verina,Dary,vdary1@vk.com,Female,logistical,40.025532,44.5593439,160-888-0746
3,Nicol,Spelman,nspelman2@360.cn,Male,software,38.9771158,117.7098707,691-500-2850
4,Delia,Bendan,dbendan3@ocn.ne.jp,Female,forecast,34.99204,60.31714,306-717-3115
5,Kendal,Margram,kmargram4@twitpic.com,Male,artificial intelligence,28.423436,109.006211,403-930-4851
6,Scarface,Works,sworks5@cargocollective.com,Male,hardware,5.7204203,10.901604,653-699-8085
7,Izaak,Bittlestone,ibittlestone6@t-online.de,Male,Graphical User Interface,4.625907,-75.761865,356-735-1011
8,Francklyn,Wolfers,fwolfers7@photobucket.com,Male,project,33.4335164,-111.7256936,602-780-0655
9,Noe,McCathy,nmccathy8@webmd.com,Male,secured line,19.4871158,-99.286528,502-120-2352
10,Morris,Sillito,msillito9@arstechnica.com,Male,Diverse,-33.8807097,-57.3694285,303-118-8815
11,Giovanna,Geaney,ggeaneya@cisco.com,Female,Versatile,35.22,-80.83,704-947-4691
12,Baxter,Dahlman,bdahlmanb@wordpress.org,Male,Polarised,-2.0076624,34.3434119,220-701-0970
13,Sharona,Roots,srootsc@hp.com,Female,implementation,59.449371,18.1145597,820-563-4034
14,Sollie,Larmour,slarmourd@people.com.cn,Male,toolset,53.4428794,41.8125556,594-281-8148
15,Nat,Stephenson,nstephensone@reverbnation.com,Male,help-desk,58.702194,39.924084,554-376-8555
16,Godfrey,Stranieri,gstranierif@intel.com,Male,5th generation,34.289806,105.037225,500-244-3398
17,Bibby,Burlingame,bburlingameg@baidu.com,Female,protocol,49.8474143,19.2057487,157-179-8879
18,Aland,Yare,ayareh@microsoft.com,Male,local area network,28.3559058,52.9599661,228-987-1964
19,Ricki,Lohden,rlohdeni@artisteer.com,Female,architecture,-25.8520478,25.6065929,877-710-8202
20,Sarina,Prout,sproutj@phoca.cz,Female,Persistent,-20.8250212,-40.9384914,365-460-0412
21,Garvey,Buckner,gbucknerk@cloudflare.com,Male,Synchronised,53.5666638,26.1406893,739-359-8574
22,Domeniga,Colam,dcolaml@irs.gov,Female,Customizable,62.4150445,17.2885932,480-113-2180
23,Yasmeen,Hallihane,yhallihanem@a8.net,Female,context-sensitive,-8.6841275,121.0507098,669-137-4542
24,Jacquette,Walford,jwalfordn@ucoz.com,Female,radical,-6.9219286,112.1579249,395-627-4119
25,Guillermo,Tomaszkiewicz,gtomaszkiewiczo@hugedomains.com,Male,Proactive,60.6130236,15.6530104,238-444-7167
26,Oren,Haffner,ohaffnerp@domainmarket.com,Male,Triple-buffered,31.98303,67.33558,444-750-1924
27,Toni,Lengthorn,tlengthornq@github.com,Female,next generation,45.3639886,5.5949365,917-494-5532
28,Claybourne,Wiltshear,cwiltshearr@furl.net,Male,flexibility,34.058401,107.319116,185-682-0271
29,Thomasa,Sopp,tsopps@gnu.org,Female,impactful,27.768996,112.792138,584-146-4764
30,Hermina,Carn,hcarnt@twitter.com,Female,Persevering,-1.2468663,110.0926112,711-191-5653
31,Charmain,Isakov,cisakovu@newsvine.com,Female,productivity,25.227212,100.307174,657-288-8492
32,Josefina,Dudding,jduddingv@multiply.com,Female,Reverse-engineered,41.867116,-8.1991214,828-302-7384
33,Dareen,Strotton,dstrottonw@yellowbook.com,Female,Exclusive,55.6715981,12.5915164,196-193-4946
34,Zed,Largent,zlargentx@behance.net,Male,multimedia,-34.6824081,-58.5146668,970-824-7819
35,Stacey,Jura,sjuray@cargocollective.com,Female,Optimized,-30.9178625,-55.5469032,503-428-6532
36,Wilhelmine,Syred,wsyredz@arstechnica.com,Female,bottom-line,29.134418,115.762844,577-811-4035
37,Tripp,Muccino,tmuccino10@techcrunch.com,Male,encryption,30.823054,110.973252,404-507-4557
38,Shannah,Meaney,smeaney11@eventbrite.com,Female,Synergistic,37.9694565,138.2471977,121-495-7325
39,Sande,Dumblton,sdumblton12@businessweek.com,Female,Distributed,59.8621021,17.6271867,707-158-5888
40,Madel,Campana,mcampana13@cnet.com,Female,knowledge base,8.47834,125.743983,236-211-7290
41,Margeaux,Ashall,mashall14@imgur.com,Female,neural-net,33.4644365,36.3023941,931-944-2537
42,Arleen,Orton,aorton15@cdc.gov,Female,function,-7.0872117,110.9134113,691-335-8364
43,Reta,Wroath,rwroath16@fc2.com,Female,workforce,67.1466984,-178.7494469,567-653-9669
44,Temp,de Castelain,tdecastelain17@msu.edu,Male,Reduced,15.9872056,103.1279039,460-854-1248
45,Barnie,Searl,bsearl18@hubpages.com,Male,Inverse,43.0225426,41.1157847,602-831-9319
46,Eada,Beardall,ebeardall19@fastcompany.com,Female,customer loyalty,45.2497275,19.3967698,274-468-9884
47,Clare,Caldero,ccaldero1a@apple.com,Male,optimizing,5.887247,-10.0303723,748-255-9125
48,Paolina,Eaves,peaves1b@163.com,Female,24 hour,55.4330626,74.9385554,240-505-1109
49,Laverne,Emerson,lemerson1c@examiner.com,Female,fresh-thinking,51.777114,16.818952,251-795-2322
50,Sile,Mallender,smallender1d@fc2.com,Female,cohesive,38.7607275,139.7347818,753-446-6871
51,Indira,Fergusson,ifergusson1e@last.fm,Female,Optional,15.4004052,119.9303933,304-582-4172
52,Gussi,Spradbrow,gspradbrow1f@businesswire.com,Female,Reactive,34.2426224,-77.8252923,910-808-7595
53,Garold,Regan,gregan1g@wufoo.com,Male,Enhanced,45.7544209,17.049649,502-633-7536
54,Cordy,Exrol,cexrol1h@cbsnews.com,Female,Persistent,29.0853759,48.0654706,716-743-1841
55,Luigi,D'Souza,ldsouza1i@symantec.com,Male,User-centric,18.4849304,-69.8887766,418-345-8263
56,Jayne,Tarling,jtarling1j@hostgator.com,Female,web-enabled,12.6679167,123.9881642,456-883-9884
57,Bran,Swane,bswane1k@instagram.com,Male,secured line,35.547715,103.506415,711-461-1665
58,Jackqueline,Ives,jives1l@de.vu,Female,Proactive,5.7265629,-71.993941,613-406-5210
59,Estelle,Grevel,egrevel1m@nifty.com,Female,4th generation,30.83537,115.636717,923-798-7298
60,Miranda,Pyer,mpyer1n@statcounter.com,Female,Enterprise-wide,-4.5699815,-45.133574,452-594-3771
61,Amye,Berrey,aberrey1o@home.pl,Female,composite,45.0052663,41.1199008,602-715-1188
62,Brana,Sturgeon,bsturgeon1p@chron.com,Female,definition,52.1267722,28.4919521,370-251-4104
63,Jaimie,Jakaway,jjakaway1q@wikia.com,Male,Re-engineered,22.326471,112.578178,792-709-7538
64,Olivero,Cruxton,ocruxton1r@nbcnews.com,Male,neutral,41.44056,22.72778,335-367-5473
65,Latashia,Golley,lgolley1s@wired.com,Female,core,-12.7414031,-60.1304566,101-562-8139
66,Shaine,Mordey,smordey1t@nsw.gov.au,Male,Switchable,22.180668,109.356166,548-194-2327
67,Jervis,D'Agostino,jdagostino1u@vkontakte.ru,Male,Quality-focused,7.3410628,134.4771596,944-199-3816
68,Nicolea,Greyes,ngreyes1v@youtube.com,Female,Switchable,43.7624891,27.2163113,778-748-1028
69,Art,Benian,abenian1w@51.la,Male,24 hour,41.9310884,19.2147632,154-205-9114
70,Ernestus,Pales,epales1x@marriott.com,Male,Grass-roots,10.4704517,-66.7992646,349-516-9888
71,Everett,Yokley,eyokley1y@cnbc.com,Male,Focused,63.3254326,23.525596,435-923-8590
72,Brandice,Hazelgreave,bhazelgreave1z@mashable.com,Female,Centralized,-34.6645787,-58.5055758,489-873-7611
73,Britni,Bernakiewicz,bbernakiewicz20@blinklist.com,Female,zero defect,7.0410845,7.8096037,227-933-6670
74,Simmonds,Blackboro,sblackboro21@bloomberg.com,Male,impactful,28.841329,91.016402,864-623-3974
75,Keefer,Janssens,kjanssens22@friendfeed.com,Male,Face to face,50.2837307,2.7425682,995-913-5386
76,Gradey,Reinhardt,greinhardt23@intel.com,Male,product,-6.984842,-79.621117,208-779-5056
77,Ase,Broke,abroke24@princeton.edu,Male,Multi-tiered,48.627474,2.5921846,291-127-4674
78,Dylan,Ickovicz,dickovicz25@cbsnews.com,Male,Versatile,53.175543,21.296838,592-700-3423
79,Joanie,Caughte,jcaughte26@ted.com,Female,system engine,-26.4822209,-49.073477,517-873-9250
80,Ronny,Rustidge,rrustidge27@sina.com.cn,Female,Inverse,21.9588282,96.0891032,429-231-4588
81,Cherice,Beentjes,cbeentjes28@latimes.com,Female,circuit,13.0427506,100.9345401,789-540-1294
82,Fonzie,Hayball,fhayball29@aboutads.info,Male,Persevering,48.7878212,2.0441607,922-643-6172
83,Gifford,Choak,gchoak2a@amazon.co.jp,Male,system-worthy,35.74716,105.42118,926-885-8468
84,August,Cocher,acocher2b@skyrock.com,Male,grid-enabled,-4.5699815,-45.133574,153-390-7443
85,Kermie,Shaxby,kshaxby2c@myspace.com,Male,scalable,33.765469,113.994752,745-493-6921
86,Maribel,Mendel,mmendel2d@mashable.com,Female,cohesive,9.1968448,-75.8766333,309-281-5069
87,Leslie,Murrey,lmurrey2e@google.ru,Male,dynamic,51.7597721,17.1196937,355-814-9295
88,Calypso,Drakeley,cdrakeley2f@nature.com,Female,Up-sized,-3.4892191,114.8804853,205-334-9180
89,Kingsly,Kruschev,kkruschev2g@google.com.au,Male,foreground,42.2984455,47.4196463,816-363-3350
90,Allie,Bubb,abubb2h@imageshack.us,Male,fresh-thinking,11.5556884,122.3800058,258-488-8792
91,Denver,Schorah,dschorah2i@marriott.com,Male,local,31.866274,108.958759,669-247-6603
92,Dennet,Ughi,dughi2j@msn.com,Male,Pre-emptive,-10.5817,123.259,809-115-2145
93,Petrina,Domney,pdomney2k@mail.ru,Female,migration,69.6811494,27.0796336,365-589-6415
94,Batholomew,Fryett,bfryett2l@sciencedirect.com,Male,cohesive,-34.5154006,-58.5284973,512-662-4351
95,Charmine,Steffens,csteffens2m@hubpages.com,Female,Multi-layered,41.761923,22.887043,902-372-0956
96,Haywood,Sisson,hsisson2n@businessinsider.com,Male,parallelism,8.89508,-76.35459,573-734-6926
97,Coletta,Tellett,ctellett2o@wp.com,Female,archive,37.56,-77.45,804-800-8329
98,Walsh,Thecham,wthecham2p@intel.com,Male,Self-enabling,35.218292,106.653158,723-594-4466
99,Justin,Wingrove,jwingrove2q@yelp.com,Male,User-centric,5.401841,-73.335738,105-398-4975
100,Odele,Brome,obrome2r@uiuc.edu,Female,interface,33.0746899,36.1816908,798-494-2749
101,Giorgi,Loving,gloving2s@1688.com,Male,ability,41.76,-72.69,860-660-2769
102,Karina,Castanares,kcastanares2t@spiegel.de,Female,User-friendly,14.8853727,120.8986655,297-980-3152
103,Forrester,Scaysbrook,fscaysbrook2u@census.gov,Male,Team-oriented,28.178059,109.482752,933-976-4542
104,Tiphany,Demeter,tdemeter2v@hostgator.com,Female,Sharable,29.756501,121.507191,391-798-3108
105,Daveen,Schirach,dschirach2w@cdbaby.com,Female,exuding,55.5807611,37.7673912,591-416-4604
106,Wilmer,Brandolini,wbrandolini2x@g.co,Male,clear-thinking,-20.9400441,-48.4812248,425-665-9783
107,Isabeau,Darey,idarey2y@ucoz.com,Female,website,-30.9970748,26.3308478,615-946-5474
108,Helsa,Clopton,hclopton2z@ning.com,Female,even-keeled,41.7820601,20.0881443,324-798-9882
109,August,Carrel,acarrel30@feedburner.com,Male,Robust,57.7156319,14.8556925,445-482-8761
110,Balduin,Silwood,bsilwood31@va.gov,Male,toolset,40.4530275,44.5222246,789-944-4530
111,Kellen,Dunk,kdunk32@globo.com,Male,portal,30.073805,89.108299,621-373-1698
112,Nahum,Walling,nwalling33@va.gov,Male,national,-11.9187621,-75.3149796,112-935-5655
113,Shane,Tinline,stinline34@npr.org,Female,Face to face,9.6625019,123.8565287,367-926-8948
114,Brandy,Shingles,bshingles35@msu.edu,Male,Multi-channelled,37.8925401,140.5266555,961-683-9744
115,Jarrid,Yuryichev,jyuryichev36@sciencedirect.com,Male,capability,-9.6497849,124.5694514,106-831-4869
116,Fonzie,Poore,fpoore37@woothemes.com,Male,middleware,31.298974,120.585289,595-646-7729
117,Wilmar,Seres,wseres38@technorati.com,Male,intranet,63.3772787,10.3070483,948-690-5449
118,Husein,Chatters,hchatters39@dagondesign.com,Male,Managed,16.0080573,120.4068073,668-784-9553
119,Marchall,Kynnd,mkynnd3a@dedecms.com,Male,Integrated,11.142722,105.8290298,592-486-1270
120,Jarret,Ahlf,jahlf3b@phpbb.com,Male,moderator,51.8407513,21.4105498,917-863-1753
121,Brad,Shottin,bshottin3c@skype.com,Male,Multi-lateral,34.34099,69.4377,981-733-3099
122,Thorndike,Rawcliffe,trawcliffe3d@hatena.ne.jp,Male,neural-net,59.3549627,17.2093329,476-193-1824
123,Ondrea,Umney,oumney3e@instagram.com,Female,Fully-configurable,47.5202786,17.5142121,704-966-8021
124,Enid,Miguet,emiguet3f@geocities.com,Female,standardization,41.0394733,-8.5310302,297-162-2237
125,Barth,Baldacco,bbaldacco3g@desdev.cn,Male,framework,-34.6204268,-58.4794508,439-795-2646
126,Lindy,Kellington,lkellington3h@fda.gov,Male,array,52.4040809,116.8110808,641-717-3128
127,Gilles,Peters,gpeters3i@squidoo.com,Male,leverage,69.63186,18.9221,417-541-6283
128,Swen,Mattis,smattis3j@jugem.jp,Male,context-sensitive,55.5497526,13.2542172,149-555-9245
129,Larine,Lethcoe,llethcoe3k@drupal.org,Female,leading edge,32.9760392,132.9645335,373-382-5180
130,Regen,Donlon,rdonlon3l@nba.com,Male,zero administration,34.1277885,133.650043,747-756-4126
131,Gualterio,Tunney,gtunney3m@prlog.org,Male,installation,1.48833,124.97444,311-763-9474
132,Oswald,Eborn,oeborn3n@oakley.com,Male,exuding,49.522946,16.2614713,608-212-7919
133,Brenda,Paton,bpaton3o@ucsd.edu,Female,homogeneous,39.109563,117.223371,981-538-1908
134,Gabbey,Ailsbury,gailsbury3p@npr.org,Female,superstructure,39.630867,118.180193,952-486-7433
135,Corenda,Baff,cbaff3q@earthlink.net,Female,ability,38.383059,114.353175,735-153-3337
136,Kiley,MacMakin,kmacmakin3r@si.edu,Female,challenge,-6.2651072,106.5318919,201-359-5375
137,Rudolph,Rakes,rrakes3s@paginegialle.it,Male,success,34.1205182,71.1485258,779-958-6977
138,Stanleigh,Nestor,snestor3t@naver.com,Male,knowledge base,65.50331,-171.70396,407-534-2188
139,Udall,Gothliff,ugothliff3u@craigslist.org,Male,workforce,40.4498285,-8.0628862,398-836-0553
140,Taber,Learoyd,tlearoyd3v@whitehouse.gov,Male,functionalities,-14.331296,-170.7269854,607-446-3660
141,Sloane,Blakeman,sblakeman3w@lulu.com,Male,bifurcated,1.393278,124.684196,119-920-6326
142,Vergil,Athersmith,vathersmith3x@wired.com,Male,Mandatory,31.311756,118.372655,355-868-6281
143,Drusie,Teese,dteese3y@home.pl,Female,Profound,-2.7180891,17.6866471,703-921-0612
144,Corbet,Demsey,cdemsey3z@ca.gov,Male,Devolved,54.5107844,53.4440122,976-427-3157
145,Shane,Ordelt,sordelt40@com.com,Male,model,-7.0837242,108.4928912,620-880-7957
146,Sybila,Kingshott,skingshott41@google.co.uk,Female,middleware,26.0882134,119.3010346,311-388-3441
147,Rutherford,Mingardi,rmingardi42@tumblr.com,Male,Synergistic,47.31878,130.274684,571-121-7032
148,Burtie,Chittey,bchittey43@latimes.com,Male,asynchronous,22.2100066,114.133531,145-535-5297
149,Maggy,Ferrara,mferrara44@latimes.com,Female,didactic,48.689836,6.17445,334-581-1991
150,Malvin,Withrop,mwithrop45@posterous.com,Male,orchestration,-23.2245912,-52.7670021,505-218-7553
151,Shaylah,Moffatt,smoffatt46@gizmodo.com,Female,projection,32.4982249,20.8195292,510-899-1652
152,Abby,Nutten,anutten47@house.gov,Male,Phased,-18.4001194,47.8699039,123-202-1634
153,Chuck,Gorelli,cgorelli48@cyberchimps.com,Male,Right-sized,32.341673,36.2020028,217-561-9953
154,Netti,Cornillot,ncornillot49@imgur.com,Female,data-warehouse,22.170437,111.791539,374-574-7114
155,Sigrid,Frossell,sfrossell4a@twitter.com,Female,reciprocal,42.1450502,24.7558475,160-787-7169
156,Julie,Laxton,jlaxton4b@smugmug.com,Female,knowledge base,40.417358,117.500558,810-529-7737
157,Chilton,Pennini,cpennini4c@usda.gov,Male,challenge,43.7979981,25.9053209,351-867-3681
158,Maisey,Abram,mabram4d@nyu.edu,Female,optimal,-7.003074,108.0035567,158-874-8241
159,Jehanna,McMearty,jmcmearty4e@sbwire.com,Female,contextually-based,20.0844095,105.3760604,764-303-1334
160,Joan,Phelit,jphelit4f@msu.edu,Female,asymmetric,44.3783113,18.3655679,475-992-7031
161,Mort,Skellon,mskellon4g@trellian.com,Male,alliance,-8.2600716,124.423984,133-663-0894
162,Aldin,Demonge,ademonge4h@mtv.com,Male,web-enabled,46.6522807,38.0818378,376-314-8229
163,Rorke,Ianetti,rianetti4i@netvibes.com,Male,Persistent,6.919884,122.0616469,687-832-5022
164,Lind,Matokhnin,lmatokhnin4j@techcrunch.com,Male,executive,-28.2252,28.30652,182-429-7373
165,Sandy,Facer,sfacer4k@sakura.ne.jp,Female,24 hour,22.915094,112.044491,620-289-5083
166,Bailey,Killiam,bkilliam4l@cbslocal.com,Male,intranet,45.788378,3.1331436,582-250-8177
167,Carlene,O' Mullan,comullan4m@mediafire.com,Female,Programmable,35.3527256,24.4345055,495-692-3837
168,Hermann,Clues,hclues4n@google.co.uk,Male,matrix,-10.8731945,39.4217212,667-753-3914
169,Benedikt,Jeyes,bjeyes4o@multiply.com,Male,Versatile,16.0206637,104.3381361,178-188-9611
170,Blanche,Bumphries,bbumphries4p@arstechnica.com,Female,Distributed,35.6238725,45.9491482,298-670-3228
171,Ellis,Simmell,esimmell4q@flickr.com,Male,Decentralized,14.4693883,121.0059518,812-197-6948
172,Hildagarde,Ferney,hferney4r@thetimes.co.uk,Female,bandwidth-monitored,59.4874462,17.8147061,456-447-5044
173,Sydney,Kilty,skilty4s@google.com,Female,model,41.1082303,-8.1579962,542-781-7176
174,Garfield,Bridewell,gbridewell4t@cargocollective.com,Male,methodical,55.7368049,37.8286538,765-346-9289
175,Cesar,Tassell,ctassell4u@ucoz.com,Male,Multi-lateral,-26.3374785,-60.4304186,267-281-4139
176,Janelle,Richley,jrichley4v@dyndns.org,Female,Business-focused,9.3090846,15.7938069,445-227-5221
177,Ricoriki,Tiernan,rtiernan4w@netlog.com,Male,scalable,5.1625611,5.9251211,636-206-8259
178,Berny,Kalf,bkalf4x@php.net,Male,24 hour,56.744985,15.9203039,560-132-5290
179,Darrel,Golightly,dgolightly4y@phpbb.com,Male,middleware,-7.3733703,108.2822389,724-979-7830
180,Merrily,Haines,mhaines4z@statcounter.com,Female,Graphic Interface,46.5734584,15.6125252,609-152-7083
181,Renie,Garric,rgarric50@java.com,Female,real-time,39.8494257,-8.8416426,800-667-6025
182,Carlos,Blayney,cblayney51@phoca.cz,Male,focus group,34.5278415,69.1134149,551-520-2761
183,Brucie,Splevins,bsplevins52@cornell.edu,Male,analyzer,-15.2634934,-58.143739,233-438-5927
184,Shurlocke,Harris,sharris53@xing.com,Male,grid-enabled,15.3954121,-88.0534236,284-404-3408
185,Abramo,Purrington,apurrington54@weibo.com,Male,Object-based,-31.4753699,-64.2123183,866-404-8296
186,Antony,Bollis,abollis55@sciencedirect.com,Male,hub,44.2220308,72.3657967,113-305-4783
187,Gaylord,Jobling,gjobling56@google.com.br,Male,system engine,20.1400094,-75.2128996,282-264-6537
188,Sheppard,Madle,smadle57@quantcast.com,Male,internet solution,12.65179,-1.888756,405-455-2314
189,Temple,Domelaw,tdomelaw58@posterous.com,Male,next generation,62.1556927,45.1181602,669-160-1155
190,Jessey,Millthorpe,jmillthorpe59@1688.com,Male,full-range,25.606486,100.267638,119-236-0605
191,Carolyn,Ortells,cortells5a@xing.com,Female,Reduced,34.477861,110.084789,292-319-2013
192,Rodge,Duckham,rduckham5b@diigo.com,Male,focus group,39.958194,116.432774,154-377-0360
193,Darin,Jerrard,djerrard5c@a8.net,Male,Customizable,41.2007787,-8.6725287,570-987-2452
194,Iggie,Beau,ibeau5d@so-net.ne.jp,Male,Fundamental,28.445928,119.912626,907-686-7922
195,Charley,Mea,cmea5e@tripod.com,Male,heuristic,51.4798767,19.5308953,864-452-1485
196,Tansy,Heritege,theritege5f@hostgator.com,Female,Phased,50.2440056,20.7239305,207-186-0455
197,Cate,Hourahan,chourahan5g@gnu.org,Female,Networked,43.4945737,5.8978018,389-432-0773
198,Adams,Goodbanne,agoodbanne5h@g.co,Male,Re-contextualized,37.6463835,139.4691244,547-459-4850
199,Ben,Yeeles,byeeles5i@wsj.com,Male,bottom-line,28.065079,116.640263,346-293-9347
200,Graig,Ateridge,gateridge5j@fotki.com,Male,Diverse,14.342711,121.0656962,758-287-9671
201,Brandtr,Amerighi,bamerighi5k@wikispaces.com,Male,knowledge user,15.2388086,103.9131975,280-517-5124
202,Ad,Tschirschky,atschirschky5l@salon.com,Male,support,47.2662587,-1.0263278,878-158-3276
203,Scott,Spottswood,sspottswood5m@vkontakte.ru,Male,Switchable,-21.2755425,-47.3013532,232-615-4820
204,Abigail,Shapira,ashapira5n@vistaprint.com,Female,Open-source,21.238501,-77.5246795,860-887-2255
205,Lindon,Vere,lvere5o@csmonitor.com,Male,Object-based,-11.4056968,43.3475695,815-757-8566
206,Heddi,Dispencer,hdispencer5p@com.com,Female,circuit,70.67472,-52.12639,990-502-0259
207,Tabitha,Gavahan,tgavahan5q@sourceforge.net,Female,frame,31.5655844,73.170416,681-751-4519
208,Berget,Merlin,bmerlin5r@reuters.com,Female,Extended,24.1477358,120.6736482,176-370-5692
209,Marika,Hampton,mhampton5s@woothemes.com,Female,time-frame,7.3850041,125.7850005,599-821-6094
210,Pearline,Luney,pluney5t@mapquest.com,Female,Sharable,-20.344124,164.4393897,856-690-1893
211,Trenton,Anfossi,tanfossi5u@xrea.com,Male,Multi-layered,30.7765271,121.247793,405-571-0463
212,Zelma,Klemenz,zklemenz5v@freewebs.com,Female,Progressive,59.3042543,18.0310357,134-445-2289
213,Ignazio,Ginnell,iginnell5w@newyorker.com,Male,application,36.5098375,37.3373042,430-628-5619
214,Lacee,Antham,lantham5x@photobucket.com,Female,responsive,-34.588234,-58.6876178,298-168-8704
215,Ulrika,Morfett,umorfett5y@psu.edu,Female,intranet,45.697904,0.964671,345-385-9783
216,Erma,Morratt,emorratt5z@sphinn.com,Female,portal,13.9896097,-89.6769193,438-285-9451
217,Marjorie,Croyden,mcroyden60@cam.ac.uk,Female,local area network,-7.9,39.2,182-321-5372
218,Odette,Burnes,oburnes61@amazon.de,Female,foreground,39.7443294,-89.7286056,217-803-9148
219,Miguelita,Jellico,mjellico62@eepurl.com,Female,Optimized,-6.976504,114.1112351,109-430-3509
220,Price,Lamyman,plamyman63@networksolutions.com,Male,6th generation,52.4198041,20.9258628,746-739-7977
221,Fredrika,Arkcoll,farkcoll64@ifeng.com,Female,system engine,8.3796569,123.4261608,118-567-1804
222,Kristoffer,Hardie,khardie65@washingtonpost.com,Male,Polarised,-8.6020564,116.435616,486-435-8807
223,Winfield,Mattheis,wmattheis66@exblog.jp,Male,even-keeled,59.2426907,17.8471065,144-221-3568
224,Gaspar,Guarin,gguarin67@typepad.com,Male,Optional,32.5815145,70.9099184,162-431-9761
225,Malia,Tarte,mtarte68@dailymail.co.uk,Female,Configurable,52.2802311,10.5390217,952-210-4582
226,Gard,Baxendale,gbaxendale69@opera.com,Male,local area network,10.148976,-73.960233,652-487-1765
227,Mella,Skinn,mskinn6a@ebay.com,Female,encryption,30.427416,113.367059,910-746-8665
228,Rania,Jukubczak,rjukubczak6b@youtu.be,Female,Balanced,48.455754,-123.3599687,182-106-8093
229,Orin,Jess,ojess6c@discovery.com,Male,customer loyalty,48.1232412,22.7098053,760-873-1220
230,Farlay,Garm,fgarm6d@nsw.gov.au,Male,eco-centric,-24.068741,-46.6512239,755-671-6036
231,Web,Severs,wsevers6e@homestead.com,Male,Robust,31.7711077,119.9742793,834-274-9048
232,Garnet,Corona,gcorona6f@nytimes.com,Female,hybrid,33.9042954,73.3907315,379-573-9701
233,Prince,Mundall,pmundall6g@telegraph.co.uk,Male,modular,-38.0123723,-57.5938573,580-183-0927
234,Zabrina,Nineham,znineham6h@marriott.com,Female,methodical,-27.1220596,-48.9379168,528-728-6995
235,Oswell,Harmeston,oharmeston6i@princeton.edu,Male,holistic,48.7700185,2.3508225,800-597-2737
236,Becca,Tregona,btregona6j@netvibes.com,Female,high-level,39.0041504,-77.0391754,240-375-9085
237,Marysa,Segebrecht,msegebrecht6k@cafepress.com,Female,moratorium,53.8750218,17.6581823,697-783-7977
238,Zachariah,Lodovichi,zlodovichi6l@networksolutions.com,Male,explicit,52.0697452,18.1662713,302-479-8704
239,Goober,Dudhill,gdudhill6m@scientificamerican.com,Male,matrix,35.575064,111.230547,426-186-7107
240,Rainer,Lyven,rlyven6n@jalbum.net,Male,Switchable,25.015105,102.743811,942-675-9717
241,Kristo,Bordman,kbordman6o@opera.com,Male,forecast,-19.6771093,29.9769441,778-209-7421
242,Bella,Runchman,brunchman6p@dmoz.org,Female,24 hour,4.168711,-76.167375,793-626-7333
243,Eda,Jimenez,ejimenez6q@washington.edu,Female,Synergized,33.907654,120.114738,623-547-8258
244,Ezechiel,Edeson,eedeson6r@cornell.edu,Male,fresh-thinking,40.7532484,-8.6105703,538-924-6128
245,Halsey,Le Franc,hlefranc6s@dedecms.com,Male,superstructure,50.4868505,17.5957117,178-452-1447
246,Rodrick,Vanner,rvanner6t@techcrunch.com,Male,Open-source,24.919493,102.478494,413-660-7946
247,Felicle,Marris,fmarris6u@psu.edu,Female,protocol,32.8449406,36.2251116,795-819-2813
248,Christa,Kelshaw,ckelshaw6v@gov.uk,Female,needs-based,55.21664,-119.43605,443-697-4379
249,Maiga,Santostefano.,msantostefano6w@adobe.com,Female,middleware,-6.5596329,111.0534923,855-224-2340
250,Lisabeth,Coveny,lcoveny6x@cornell.edu,Female,Mandatory,60.4136423,44.2412709,653-334-5669
251,Brynne,Rodnight,brodnight6y@sitemeter.com,Female,approach,3.0100681,101.5326734,250-626-3708
252,Willie,Tuplin,wtuplin6z@umich.edu,Male,composite,-1.3247967,-78.5376906,148-700-6222
253,Laney,Crofthwaite,lcrofthwaite70@qq.com,Male,asymmetric,25.1151759,121.515018,296-725-4748
254,Coleman,Winspire,cwinspire71@bloomberg.com,Male,Future-proofed,40.8570429,122.7613525,167-352-5532
255,Rebecka,Merigeau,rmerigeau72@indiatimes.com,Female,policy,25.881342,116.00261,326-353-2911
256,Oralee,Glowacz,oglowacz73@github.com,Female,optimizing,24.89604,118.592147,684-383-9742
257,Carmon,Roark,croark74@yahoo.co.jp,Female,Customer-focused,27.6486636,84.4172666,903-413-8837
258,Beckie,Peacocke,bpeacocke75@chron.com,Female,benchmark,-24.912902,-65.640294,107-446-2871
259,Ariadne,Thurborn,athurborn76@wordpress.org,Female,Fundamental,48.2595628,24.3450737,733-286-4811
260,Spenser,Abelov,sabelov77@eventbrite.com,Male,website,11.0849336,39.7291837,543-375-0094
261,Cathrine,Scarlan,cscarlan78@1und1.de,Female,Fully-configurable,8.9564245,-83.5238412,562-921-3737
262,Eward,Triebner,etriebner79@berkeley.edu,Male,matrix,53.45,62.9833329,951-214-0411
263,Ardyce,Palle,apalle7a@ocn.ne.jp,Female,context-sensitive,35.7642515,10.8112885,123-610-8291
264,Dion,Ringer,dringer7b@istockphoto.com,Male,human-resource,41.9227482,-8.5332804,643-320-5199
265,Sileas,Webermann,swebermann7c@moonfruit.com,Female,responsive,-6.5489311,111.0683954,728-322-2930
266,Dew,Toft,dtoft7d@is.gd,Male,knowledge base,33.021266,35.447949,982-475-2866
267,Zorina,O'Carrol,zocarrol7e@google.com.br,Female,Pre-emptive,5.4600818,-73.98004,158-532-9251
268,Xenia,Chittim,xchittim7f@myspace.com,Female,pricing structure,38.7699889,-9.2576801,460-316-1047
269,Chrysa,Duguid,cduguid7g@disqus.com,Female,Universal,22.4217587,89.0445636,694-753-4102
270,Yevette,Dureden,ydureden7h@sourceforge.net,Female,coherent,44.1034593,9.8216043,743-358-6296
271,Pascale,O'Regan,poregan7i@ifeng.com,Male,exuding,60.053638,29.9846651,422-450-4210
272,Etta,Glashby,eglashby7j@sakura.ne.jp,Female,24 hour,29.689847,121.28259,929-459-7023
273,Xavier,Dew,xdew7k@elpais.com,Male,hierarchy,53.5585675,17.7161093,298-944-1127
274,Efren,Dumigan,edumigan7l@slate.com,Male,high-level,52.28375,16.7007399,379-555-3197
275,Moishe,Vargas,mvargas7m@studiopress.com,Male,Phased,11.1179302,123.0099723,419-230-6238
276,Corabella,Offield,coffield7n@auda.org.au,Female,full-range,-12.9730966,-44.0199152,434-394-1793
277,Onfroi,Learoyd,olearoyd7o@youtube.com,Male,core,40.9539,45.61942,528-927-0011
278,Sidney,Sprosson,ssprosson7p@google.ca,Male,zero defect,13.5776734,100.6149501,443-709-3263
279,Eugenio,Ciccotto,eciccotto7q@themeforest.net,Male,Cross-platform,12.9881784,108.8848569,517-211-5995
280,Marney,Routledge,mroutledge7r@army.mil,Female,Open-source,55.6849184,12.5506988,193-209-5470
281,Gay,Lunam,glunam7s@studiopress.com,Male,Centralized,56.6649059,12.8778526,939-685-7361
282,Sarine,Rizzetti,srizzetti7t@w3.org,Female,radical,49.71671,-113.41857,518-694-2864
283,Allene,Schoenfisch,aschoenfisch7u@wp.com,Female,fault-tolerant,56.4342328,37.1584572,877-362-4095
284,Cynthia,Correa,ccorrea7v@a8.net,Female,time-frame,59.9047305,10.7670564,517-894-8376
285,Devlen,Suckling,dsuckling7w@prlog.org,Male,fault-tolerant,44.3710708,-64.5210039,922-446-4793
286,Byrle,Hazle,bhazle7x@furl.net,Male,budgetary management,16.1329692,119.8370843,514-867-2893
287,Morgun,Dominicacci,mdominicacci7y@netvibes.com,Male,mission-critical,49.7503184,15.3480679,820-224-9274
288,Marabel,Dykins,mdykins7z@psu.edu,Female,modular,47.5206407,-52.8076818,544-614-0907
289,Johannes,Goreway,jgoreway80@china.com.cn,Male,Focused,59.0876483,18.033468,459-103-6013
290,Yelena,Beazer,ybeazer81@ed.gov,Female,value-added,-6.7837708,107.8569988,566-282-9213
291,Brantley,Sheach,bsheach82@ted.com,Male,benchmark,29.4418162,-98.4801308,210-513-6905
292,Emanuel,Blanch,eblanch83@go.com,Male,context-sensitive,55.590397,37.6278499,871-594-8323
293,Dorita,Casale,dcasale84@japanpost.jp,Female,dynamic,48.6463593,1.8015218,183-732-3937
294,Dell,Lorenc,dlorenc85@virginia.edu,Male,Synergistic,-8.2464,115.5631,885-567-9153
295,Hernando,Sibylla,hsibylla86@mozilla.com,Male,leading edge,26.608357,118.481377,731-683-5029
296,Christalle,De Cleyne,cdecleyne87@scribd.com,Female,Self-enabling,-14.4715177,-48.558749,668-950-3488
297,Dale,Jovis,djovis88@so-net.ne.jp,Female,homogeneous,31.363344,120.547358,839-833-9444
298,Gherardo,Schreurs,gschreurs89@flickr.com,Male,Multi-channelled,33.731926,67.068153,888-940-1929
299,Lin,Noweak,lnoweak8a@kickstarter.com,Female,leverage,11.0876868,11.207047,840-552-1157
300,Dawna,Till,dtill8b@bluehost.com,Female,Open-architected,30.741991,121.341969,546-672-4712
301,Alecia,Proudlock,aproudlock8c@psu.edu,Female,Focused,29.530868,116.531035,940-647-6920
302,Hadrian,Dioniso,hdioniso8d@vinaora.com,Male,Extended,22.579117,113.081508,943-590-2694
303,Opaline,Oxtoby,ooxtoby8e@barnesandnoble.com,Female,definition,14.7127327,121.0279622,129-110-5109
304,Gayelord,Van Ross,gvanross8f@list-manage.com,Male,Stand-alone,48.9898219,1.7032903,611-464-9431
305,Hilly,De Filippo,hdefilippo8g@cbslocal.com,Male,Streamlined,-7.02476,107.08093,922-534-0992
306,Jefferey,Yellop,jyellop8h@google.es,Male,extranet,-11.9019296,-76.6658165,152-471-6048
307,Helga,Rickson,hrickson8i@techcrunch.com,Female,content-based,21.630384,111.000373,406-132-5210
308,Karim,Zaniolini,kzaniolini8j@wikipedia.org,Male,local,-9.6161,119.6441,282-547-4892
309,Maressa,Huckfield,mhuckfield8k@paginegialle.it,Female,Ameliorated,54.6335878,21.8138526,988-880-1900
310,Jimmie,Rosenbush,jrosenbush8l@last.fm,Male,help-desk,24.245418,112.047678,443-968-4891
311,Nadean,Motherwell,nmotherwell8m@amazonaws.com,Female,matrices,1.0029693,34.3338123,407-327-8864
312,Ofella,Skeldinge,oskeldinge8n@usatoday.com,Female,next generation,51.7241507,103.7082244,159-541-6174
313,Rivy,ducarme,rducarme8o@shutterfly.com,Female,dedicated,47.59989,-53.26478,461-595-6522
314,Kelbee,Jefferson,kjefferson8p@java.com,Male,high-level,46.614358,15.2255472,235-230-0535
315,Latrina,Summerbell,lsummerbell8q@webs.com,Female,Extended,-10.7386421,123.1239049,616-208-6927
316,Shep,Torry,storry8r@goodreads.com,Male,attitude,-12.7414031,-60.1304566,692-938-2768
317,Adriano,Brumwell,abrumwell8s@ning.com,Male,utilisation,17.9453521,-76.4534165,731-349-0619
318,Lynnett,Haylett,lhaylett8t@nydailynews.com,Female,info-mediaries,49.715157,19.65651,355-676-0764
319,Kaspar,Schwanden,kschwanden8u@baidu.com,Male,background,-17.4047609,-63.7311505,245-621-5736
320,Elsa,Mucklo,emucklo8v@unesco.org,Female,monitoring,39.953041,116.371207,701-370-6220
321,Germain,Bansal,gbansal8w@tmall.com,Male,Robust,49.6166723,22.8581776,521-223-9062
322,Emlyn,Kunert,ekunert8x@sourceforge.net,Male,help-desk,18.6367692,-69.2696692,788-340-8738
323,Rickie,Cristobal,rcristobal8y@usa.gov,Male,Secured,-22.7563906,-41.889042,229-350-7770
324,Elvina,Copley,ecopley8z@sakura.ne.jp,Female,Persistent,34.748808,113.6656069,501-941-8991
325,Karalynn,Niesel,kniesel90@photobucket.com,Female,web-enabled,-25.9239093,32.465802,405-371-3073
326,Corby,Stormouth,cstormouth91@plala.or.jp,Male,coherent,26.458254,114.786182,596-471-2251
327,Nellie,Olexa,nolexa92@vk.com,Female,Graphic Interface,-43.2654767,-65.3586493,843-422-9156
328,Deborah,Hammon,dhammon93@i2i.jp,Female,toolset,31.961364,118.613379,913-592-9057
329,David,MacCosty,dmaccosty94@biblegateway.com,Male,knowledge user,60.6466216,17.0064517,238-122-0523
330,Ariana,Elizabeth,aelizabeth95@microsoft.com,Female,Phased,59.1956358,17.5208614,756-754-6881
331,Tadd,Maydway,tmaydway96@wordpress.com,Male,user-facing,15.1048617,120.9216776,689-934-9587
332,Dewain,Mincini,dmincini97@ezinearticles.com,Male,implementation,36.99532,59.76472,498-487-4062
333,Luelle,Kohnemann,lkohnemann98@boston.com,Female,attitude,51.7920503,56.3442985,140-679-0200
334,Duane,MacVicar,dmacvicar99@angelfire.com,Male,intangible,14.2323166,121.531124,187-627-5418
335,Alessandro,Pead,apead9a@discuz.net,Male,system-worthy,59.2785729,15.2250924,592-202-4135
336,Ignatius,Gaiford,igaiford9b@buzzfeed.com,Male,Graphic Interface,46.254048,16.2368405,944-536-7400
337,Meghann,Quinnette,mquinnette9c@salon.com,Female,Synchronised,59.8452242,60.7235532,775-474-7711
338,Padraig,St. Aubyn,pstaubyn9d@facebook.com,Male,Compatible,53.1183502,48.8618445,707-498-1815
339,Cynthie,Cayton,ccayton9e@youtu.be,Female,regional,-7.1562056,-34.9313665,133-960-0752
340,Sawyere,Norrington,snorrington9f@youtu.be,Male,website,62.4729446,17.4155753,421-951-9216
341,Merlina,Tremellier,mtremellier9g@freewebs.com,Female,Extended,-21.7567077,-48.8323618,195-906-9962
342,Belia,Crisall,bcrisall9h@jimdo.com,Female,logistical,38.9080786,-77.0406147,202-150-4801
343,Alick,Plaskitt,aplaskitt9i@unicef.org,Male,Grass-roots,55.5834553,38.1546279,420-585-3997
344,Thebault,Eastmond,teastmond9j@google.nl,Male,moderator,44.81291,123.088238,888-338-7321
345,Malvin,Beaney,mbeaney9k@soup.io,Male,static,36.8903434,38.3500108,906-315-9422
346,Vere,Quadri,vquadri9l@eepurl.com,Female,background,58.009027,56.25176,185-502-3615
347,Waylen,Ruppel,wruppel9m@forbes.com,Male,structure,40.7553689,-8.6455126,889-555-2006
348,Mylo,Malt,mmalt9n@naver.com,Male,frame,32.312511,109.712183,188-504-8904
349,Thayne,Gothup,tgothup9o@soup.io,Male,protocol,24.076563,89.61457,461-285-4285
350,Delano,Goodright,dgoodright9p@google.it,Male,multi-tasking,42.7021916,9.4476864,423-866-8195
351,Ranna,MacPaden,rmacpaden9q@fema.gov,Female,24 hour,37.280716,140.3354054,723-351-2737
352,Joeann,Rutledge,jrutledge9r@friendfeed.com,Female,heuristic,19.2278803,-69.7880454,201-852-6731
353,Wrennie,Grigoliis,wgrigoliis9s@pinterest.com,Female,Stand-alone,25.611704,110.67167,868-198-5282
354,Madison,Twiname,mtwiname9t@tamu.edu,Male,knowledge base,52.3287247,21.1718237,917-627-9611
355,Darn,Penfold,dpenfold9u@epa.gov,Male,architecture,40.324768,97.521763,338-129-6449
356,Eleonora,Borton,eborton9v@cam.ac.uk,Female,complexity,26.647661,106.630153,688-345-0095
357,Rosalia,Thoma,rthoma9w@earthlink.net,Female,model,51.0935791,-115.3508611,566-799-3927
358,Tarrance,Lillee,tlillee9x@smh.com.au,Male,utilisation,30.214647,20.1402594,635-830-4328
359,Reg,Regardsoe,rregardsoe9y@smugmug.com,Male,demand-driven,37.2848363,-7.4666729,713-932-7668
360,Brina,Sagg,bsagg9z@google.nl,Female,demand-driven,14.6324372,120.993155,800-125-1111
361,Ermanno,Creeboe,ecreeboea0@deviantart.com,Male,Robust,21.2350622,-102.3342182,601-621-3607
362,Vinson,McRonald,vmcronalda1@marriott.com,Male,budgetary management,-7.6695988,109.9526633,180-300-1825
363,Jerrome,Corcut,jcorcuta2@last.fm,Male,leverage,-8.475,115.3238,906-496-9030
364,Waylan,Misselbrook,wmisselbrooka3@patch.com,Male,success,12.1564921,-86.3528838,597-900-2882
365,Gerhardt,Bishopp,gbishoppa4@google.ru,Male,strategy,40.5742298,48.3896404,560-858-5798
366,Consalve,Hackleton,chackletona5@squarespace.com,Male,dedicated,14.5569016,121.0412323,342-862-4670
367,Fidelia,Carnson,fcarnsona6@opensource.org,Female,Reactive,-3.9020493,135.7900209,365-821-0870
368,Shawn,Brager,sbragera7@mapquest.com,Female,Persistent,17.4458367,121.5250628,877-684-2679
369,Donal,O'Logan,dologana8@earthlink.net,Male,optimal,56.6845023,16.3327786,902-183-7095
370,Garrek,Calan,gcalana9@yelp.com,Male,bi-directional,49.2696303,98.9929867,864-404-2427
371,Drucy,Lewson,dlewsonaa@simplemachines.org,Female,Open-architected,22.0391773,96.471658,603-186-1847
372,Valaree,Jedrzej,vjedrzejab@mtv.com,Female,Proactive,43.5592985,25.9323591,155-631-9570
373,Constantine,Corp,ccorpac@vk.com,Male,Programmable,-6.988321,112.8384257,889-506-1886
374,Turner,Delahunt,tdelahuntad@ezinearticles.com,Male,initiative,12.7994866,99.9669212,577-723-2405
375,Devland,Elliss,dellissae@fema.gov,Male,superstructure,60.7353362,77.6065163,297-128-3963
376,Deidre,Stonham,dstonhamaf@elegantthemes.com,Female,intermediate,-7.9794517,112.0416754,715-334-7343
377,Wynne,Clemett,wclemettag@hud.gov,Female,function,44.521785,125.72862,796-549-9308
378,Giusto,Hinrichs,ghinrichsah@cmu.edu,Male,definition,59.341383,18.0585213,635-762-5394
379,Desiri,Blackhurst,dblackhurstai@ebay.co.uk,Female,secured line,44.521785,125.72862,170-199-3464
380,Willi,Orneblow,worneblowaj@usgs.gov,Male,Assimilated,32.897014,108.492371,337-753-1557
381,Midge,Scorey,mscoreyak@webeden.co.uk,Female,support,17.7409147,-91.7660525,951-419-2309
382,Rudolfo,Lysaght,rlysaghtal@zimbio.com,Male,Distributed,49.5395711,18.8708641,582-967-7080
383,Jacqui,Elsegood,jelsegoodam@opensource.org,Female,protocol,41.7464398,-8.3721165,315-850-2598
384,Sharron,McLewd,smclewdan@wsj.com,Female,object-oriented,9.3125556,42.1226825,828-135-4634
385,Corbet,Ullyatt,cullyattao@soundcloud.com,Male,forecast,50.7792181,18.0035757,101-565-9254
386,Koral,Alstead,kalsteadap@dailymotion.com,Female,frame,-22.7338724,-45.1201112,690-925-2595
387,Sharline,Donn,sdonnaq@ft.com,Female,matrix,48.65639,4.912419,532-740-4045
388,Shea,Simonnin,ssimonninar@webnode.com,Male,Open-architected,51.9611016,15.959277,120-640-3215
389,Debbie,Beynkn,dbeynknas@berkeley.edu,Female,executive,-7.6838962,109.9764822,948-538-5870
390,Beverley,Cleyne,bcleyneat@macromedia.com,Female,Reactive,-18.8200534,49.0652963,912-970-2458
391,Constantino,Ygoe,cygoeau@gnu.org,Male,regional,57.782249,13.4161644,752-816-8774
392,Miltie,Folca,mfolcaav@ihg.com,Male,superstructure,14.90806,49.94778,224-560-6548
393,Monika,Le Noir,mlenoiraw@independent.co.uk,Female,Sharable,15.6006885,101.8435568,148-471-5419
394,Codi,Hubback,chubbackax@miibeian.gov.cn,Male,background,-7.324188,110.509841,801-321-0726
395,Nathanial,Maxstead,nmaxsteaday@histats.com,Male,system-worthy,42.0223424,43.1936525,177-594-0593
396,Rodolph,Jans,rjansaz@mashable.com,Male,zero tolerance,-14.1187849,-72.2475967,920-958-6790
397,Ludvig,Parnham,lparnhamb0@jimdo.com,Male,needs-based,-4.3220187,-40.7092475,989-574-2638
398,Minda,Busen,mbusenb1@miitbeian.gov.cn,Female,hub,44.5454847,18.1033619,512-228-6726
399,Haily,Atrill,hatrillb2@microsoft.com,Female,Seamless,38.9188879,-9.2928406,739-886-6875
400,Sophronia,Hendrikse,shendrikseb3@topsy.com,Female,pricing structure,-6.918322,-78.127167,580-986-5738
401,Gaven,Haspineall,ghaspineallb4@angelfire.com,Male,Business-focused,25.58038,111.947363,540-846-3374
402,Judas,des Remedios,jdesremediosb5@networksolutions.com,Male,project,46.761348,124.23692,864-579-8036
403,Terese,Brazier,tbrazierb6@reference.com,Female,holistic,22.920341,115.789204,542-175-8146
404,Jaimie,Lamb-shine,jlambshineb7@ucla.edu,Male,monitoring,-8.0367968,111.86133,991-787-6014
405,Whitney,Navarro,wnavarrob8@miibeian.gov.cn,Female,middleware,43.0429124,1.9038837,140-672-3037
406,Zahara,Nickell,znickellb9@topsy.com,Female,6th generation,36.4056598,58.0384692,112-131-6373
407,Carlynne,Janout,cjanoutba@prweb.com,Female,executive,14.9795865,120.6149195,466-416-5674
408,Kaycee,Northcote,knorthcotebb@discovery.com,Female,collaboration,27.395894,114.286422,526-589-2847
409,Prissie,Brumwell,pbrumwellbc@exblog.jp,Female,Switchable,33.258244,115.374821,719-269-8699
410,Sumner,Jiruch,sjiruchbd@sina.com.cn,Male,Configurable,-15.4524821,-47.6093177,707-553-4146
411,Loleta,Pfeffel,lpfeffelbe@bbc.co.uk,Female,24 hour,-7.0240978,108.7571263,454-982-6206
412,Mychal,Marchant,mmarchantbf@latimes.com,Male,architecture,-7.2065356,108.7541564,568-373-2417
413,Read,Schuelcke,rschuelckebg@ucsd.edu,Male,utilisation,52.8498651,-8.9821467,666-652-3522
414,Jimmy,Muat,jmuatbh@yelp.com,Male,matrices,28.22335,115.062214,142-613-8824
415,Wat,Pearsall,wpearsallbi@bbc.co.uk,Male,implementation,23.498459,111.746261,376-498-4784
416,Charmain,Benduhn,cbenduhnbj@cocolog-nifty.com,Female,task-force,22.265811,113.543784,370-443-3234
417,Lanna,Lambourn,llambournbk@va.gov,Female,neural-net,45.601784,5.131041,786-569-4276
418,Romain,Aglione,raglionebl@state.gov,Male,support,45.1454765,17.9937204,863-412-3919
419,Sigfrid,Harhoff,sharhoffbm@digg.com,Male,Multi-lateral,54.8843032,38.1642604,745-261-4306
420,Nina,Cheson,nchesonbn@slate.com,Female,monitoring,35.110997,102.430356,828-994-5867
421,Palmer,Silman,psilmanbo@google.com.au,Male,attitude-oriented,37.9209684,21.2374124,542-889-0806
422,Wenda,Nelthorp,wnelthorpbp@diigo.com,Female,bifurcated,-23.3969682,-46.3204265,126-332-4676
423,Lennie,Lacelett,llacelettbq@godaddy.com,Male,implementation,13.8608665,121.221138,954-769-9976
424,Lewie,Kroon,lkroonbr@dyndns.org,Male,time-frame,29.985295,122.207215,638-390-6313
425,Jess,Tidder,jtidderbs@timesonline.co.uk,Male,Ameliorated,53.36117,14.8784944,647-721-7823
426,Angelia,Vlasenkov,avlasenkovbt@utexas.edu,Female,Down-sized,40.3443875,46.9376519,443-718-3050
427,Tomkin,Deport,tdeportbu@newsvine.com,Male,didactic,47.3695152,40.0905465,901-166-8462
428,Lorne,Flippen,lflippenbv@last.fm,Male,User-friendly,44.3264928,38.7015857,743-427-7668
429,Conchita,Connelly,cconnellybw@imgur.com,Female,internet solution,8.8232057,-69.9982093,598-241-7546
430,Ronnie,Nasey,rnaseybx@cornell.edu,Female,standardization,52.0391192,39.7408362,523-305-3469
431,Lorri,Jansky,ljanskyby@scientificamerican.com,Female,data-warehouse,25.0248314,121.7408654,515-273-4749
432,Kory,Ayton,kaytonbz@si.edu,Male,synergy,41.5225612,45.0430369,733-925-0156
433,Nettie,Brigstock,nbrigstockc0@spotify.com,Female,secondary,52.3211465,104.4410484,650-127-0311
434,Annabell,Curme,acurmec1@baidu.com,Female,Re-contextualized,1.5592261,99.0792263,873-134-1085
435,Kristoffer,Oldrey,koldreyc2@typepad.com,Male,even-keeled,31.4840951,73.7008274,933-588-9403
436,Marian,Cornelius,mcorneliusc3@free.fr,Female,Object-based,28.701403,117.194396,249-983-0594
437,Gaynor,Degoe,gdegoec4@cpanel.net,Female,Re-contextualized,-7.4040051,-79.565078,380-666-5634
438,Orazio,Crowthe,ocrowthec5@go.com,Male,Adaptive,-4.203165,-69.935907,789-489-3044
439,Kacey,Elsie,kelsiec6@tumblr.com,Female,data-warehouse,39.5435798,-8.0379136,649-498-7462
440,Amanda,Patriskson,apatrisksonc7@issuu.com,Female,Innovative,52.9148,22.51003,569-428-5461
441,Gustaf,Boar,gboarc8@ycombinator.com,Male,mobile,-8.6743207,116.1093533,496-296-8171
442,Hadlee,Pakes,hpakesc9@wix.com,Male,internet solution,-23.5198964,-46.3408798,765-722-0000
443,Merill,Arias,mariasca@purevolume.com,Male,capability,43.4945737,5.8978018,772-523-3503
444,Silvia,M'Chirrie,smchirriecb@mapy.cz,Female,non-volatile,16.3793702,102.3692982,521-519-5901
445,Gaven,Edgler,gedglercc@wikimedia.org,Male,high-level,34.15599,64.78566,913-645-2295
446,Murry,Barents,mbarentscd@wikispaces.com,Male,zero tolerance,37.8412319,140.5135888,254-634-5798
447,Mehetabel,Gauson,mgausonce@yahoo.co.jp,Female,systematic,30.940195,118.75868,392-935-3297
448,Calv,Wavish,cwavishcf@webs.com,Male,Customer-focused,4.6096768,101.1064003,348-670-6115
449,Tiffani,Tolworthie,ttolworthiecg@indiegogo.com,Female,bifurcated,51.0994419,20.764923,857-295-7868
450,Colver,Hriinchenko,chriinchenkoch@goo.ne.jp,Male,Persistent,47.9370871,29.6288401,269-963-4733
451,Bertie,Shade,bshadeci@wikispaces.com,Female,user-facing,57.855421,11.8951003,326-735-7157
452,Davis,Blanning,dblanningcj@tripadvisor.com,Male,conglomeration,-7.0808057,108.6264694,382-235-4988
453,Janette,Sukbhans,jsukbhansck@ning.com,Female,maximized,56.864192,60.6396711,936-740-3604
454,Fenelia,Twigley,ftwigleycl@army.mil,Female,knowledge base,34.4822519,66.2724183,315-612-6052
455,Winny,Barkworth,wbarkworthcm@latimes.com,Female,Graphical User Interface,7.0539999,124.6719971,320-716-9233
456,Patricia,Lofthouse,plofthousecn@soundcloud.com,Female,global,29.8044311,71.7406583,237-864-1602
457,Audrye,Denk,adenkco@disqus.com,Female,reciprocal,39.1442379,23.8641946,710-345-2746
458,Erina,Aldrin,ealdrincp@blogger.com,Female,adapter,37.943121,115.217658,524-947-5143
459,Tonya,Louedey,tlouedeycq@sourceforge.net,Female,instruction set,58.1293824,12.7944645,362-796-3078
460,Callie,Harries,charriescr@pen.io,Female,Realigned,47.1427431,-122.4407344,253-846-4159
461,Chev,O Mullen,comullencs@omniture.com,Male,needs-based,37.6854422,48.3412639,182-228-8251
462,Ameline,Seamen,aseamenct@tripadvisor.com,Female,Virtual,39.726929,116.341395,997-483-2290
463,Amalie,Pople,apoplecu@google.com,Female,hybrid,-7.9110809,111.4253892,377-391-6351
464,Cyrill,Duddell,cduddellcv@google.co.uk,Male,instruction set,-7.2760371,107.6925674,741-824-4876
465,Allister,Stollard,astollardcw@woothemes.com,Male,artificial intelligence,14.5697429,121.0190818,994-521-9137
466,Diannne,Lundy,dlundycx@xinhuanet.com,Female,bottom-line,19.3864947,-99.1435398,866-613-3909
467,Steward,Bidgood,sbidgoodcy@miitbeian.gov.cn,Male,internet solution,37.033243,121.609938,323-422-4982
468,Bambi,Menlove,bmenlovecz@feedburner.com,Female,Public-key,39.6242621,19.9216777,580-627-6608
469,Ellette,Gilston,egilstond0@google.co.uk,Female,Grass-roots,39.9754634,44.5273861,506-522-2176
470,Venus,Greenside,vgreensided1@sakura.ne.jp,Female,Inverse,-24.8705652,25.8640062,550-864-7675
471,Roberto,Parkhouse,rparkhoused2@mit.edu,Male,Multi-layered,31.87022,35.12682,890-123-3014
472,Carly,Fazakerley,cfazakerleyd3@ustream.tv,Male,bandwidth-monitored,-22.9657374,-42.0279869,158-980-8189
473,Leroy,Coumbe,lcoumbed4@infoseek.co.jp,Male,paradigm,8.2101114,124.8662656,780-651-1643
474,Melania,Kosiada,mkosiadad5@360.cn,Female,core,31.237906,121.41794,685-916-4488
475,Helge,Albrecht,halbrechtd6@creativecommons.org,Female,Reduced,47.1479108,37.7844618,731-930-1432
476,Ardyth,Szantho,aszanthod7@google.es,Female,non-volatile,36.7558101,41.3986916,392-348-4030
477,Timothea,Seward,tsewardd8@discuz.net,Female,methodology,15.48333,48.43333,879-223-8969
478,Tirrell,Michieli,tmichielid9@dailymail.co.uk,Male,Operative,63.3030414,30.9967709,243-336-9766
479,Warren,Otto,wottoda@chron.com,Male,logistical,46.215926,-63.0886099,298-775-3685
480,Efren,Haddick,ehaddickdb@washingtonpost.com,Male,circuit,55.0385549,55.9861219,281-312-4407
481,Samson,Ricardot,sricardotdc@cisco.com,Male,Extended,45.3369621,97.9685657,919-115-1497
482,Weider,Messingham,wmessinghamdd@mediafire.com,Male,Optional,-6.9002217,112.1653766,145-877-5333
483,Britta,Vautre,bvautrede@mit.edu,Female,mission-critical,41.0699247,-80.6937177,330-848-1747
484,Teodoro,Ponting,tpontingdf@cnbc.com,Male,matrices,-8.521,123.5353,535-702-1246
485,Pooh,Chennells,pchennellsdg@gravatar.com,Male,intranet,27.4475626,57.5051616,997-765-5426
486,Floria,Otter,fotterdh@delicious.com,Female,product,10.2060924,122.9611892,556-281-7251
487,Micaela,Mintoft,mmintoftdi@clickbank.net,Female,Ergonomic,44.6208353,21.1842054,536-353-0079
488,Paulita,Folini,pfolinidj@ucsd.edu,Female,bi-directional,57.6271949,18.2940431,681-877-2472
489,Danell,Sidary,dsidarydk@sphinn.com,Female,clear-thinking,34.64921,70.5914,884-604-6974
490,Oswald,Kase,okasedl@w3.org,Male,heuristic,23.028301,115.84573,909-197-1369
491,Phoebe,Febvre,pfebvredm@quantcast.com,Female,leading edge,59.9191279,11.369756,337-813-1946
492,Haskell,Busch,hbuschdn@is.gd,Male,User-centric,34.496651,69.079674,944-960-6656
493,Abramo,Phittiplace,aphittiplacedo@yelp.com,Male,Front-line,9.5503646,-69.1804708,922-943-9302
494,Creigh,Hawtry,chawtrydp@google.com.hk,Male,Proactive,-6.6656231,106.3438367,640-265-8640
495,Kilian,Rait,kraitdq@businessinsider.com,Male,analyzer,49.2937975,3.7636128,809-707-8702
496,Stefano,Mouget,smougetdr@umn.edu,Male,local,45.11678,-72.98244,633-268-2913
497,Andy,Laminman,alaminmands@wix.com,Female,upward-trending,-8.6603,117.1735,775-513-6010
498,Carl,Mc-Kerley,cmckerleydt@craigslist.org,Male,Graphical User Interface,0.125082,127.876503,711-584-8811
499,Stillmann,Pereira,spereiradu@drupal.org,Male,motivating,27.719827,106.929757,908-677-9133
500,Pippa,Wegman,pwegmandv@blog.com,Female,multimedia,47.09995,-55.76504,935-430-5903
501,Tabbitha,Swadon,tswadondw@google.de,Female,policy,41.206302,-73.0862131,618-657-9335
502,Jemimah,Casey,jcaseydx@cafepress.com,Female,core,29.000347,101.507294,915-628-5941
503,Gerry,Henrichs,ghenrichsdy@miibeian.gov.cn,Female,explicit,-5.178204,-40.6695522,680-354-8238
504,Leeanne,Sandham,lsandhamdz@flickr.com,Female,actuating,16.1169002,102.7020218,923-632-8087
505,Ulrick,Ricards,uricardse0@ehow.com,Male,analyzer,15.6580509,103.6131203,442-330-4399
506,Angelica,Pesterfield,apesterfielde1@friendfeed.com,Female,pricing structure,9.236872,-75.723394,903-481-0533
507,Klara,Daniele,kdanielee2@google.it,Female,contextually-based,-23.7661064,-53.3206105,185-651-3491
508,Gerhardt,Gallally,ggallallye3@princeton.edu,Male,regional,42.1132871,-8.2574904,561-712-1836
509,Kenn,Tipens,ktipense4@diigo.com,Male,Ergonomic,-16.3846284,-51.2213044,286-927-2521
510,Chrissie,Goodsal,cgoodsale5@marketwatch.com,Male,array,12.180204,-0.3513021,337-724-0941
511,Brigitta,Zelland,bzellande6@springer.com,Female,utilisation,18.1686828,120.7050032,820-906-7796
512,See,Derricoat,sderricoate7@theguardian.com,Male,encompassing,38.5796262,141.2777515,894-241-3158
513,Mil,Kiln,mkilne8@google.es,Female,Graphical User Interface,27.5920869,89.8797459,195-235-5489
514,Archie,Jacox,ajacoxe9@slashdot.org,Male,Open-source,24.052487,114.701871,321-545-7315
515,Winna,Marcu,wmarcuea@meetup.com,Female,hardware,9.315382,-82.157199,975-986-5955
516,Garner,Dennitts,gdennittseb@rakuten.co.jp,Male,De-engineered,25.714796,100.193584,290-310-5290
517,Francyne,Haine,fhaineec@techcrunch.com,Female,Adaptive,49.5730119,22.0608204,119-872-8380
518,Sherwood,Mival,smivaled@tumblr.com,Male,discrete,-6.1037944,106.9145244,678-407-9901
519,Abbey,Aimson,aaimsonee@edublogs.org,Female,Synergized,-2.2014533,125.9369952,636-976-7605
520,Serge,Defont,sdefontef@addtoany.com,Male,asymmetric,22.251924,112.794065,358-274-6953
521,Cariotta,Bayley,cbayleyeg@engadget.com,Female,motivating,52.2141109,24.3581792,786-580-8749
522,Westbrook,Dallemore,wdallemoreeh@arstechnica.com,Male,knowledge user,5.84671,6.15257,592-427-3788
523,Alex,Conkey,aconkeyei@ibm.com,Male,tangible,47.355543,31.2376557,475-243-2589
524,Caryl,Acors,cacorsej@illinois.edu,Male,circuit,34.8218609,134.9545157,395-245-0472
525,Nedda,Mountjoy,nmountjoyek@seesaa.net,Female,instruction set,31.533333,-4.466667,667-872-7859
526,Vittorio,Joysey,vjoyseyel@youku.com,Male,access,41.307852,-8.3648654,662-911-5124
527,Cilka,Sink,csinkem@miitbeian.gov.cn,Female,Operative,-20.3761919,57.5660161,180-785-8963
528,Burke,Ollington,bollingtonen@alexa.com,Male,function,-8.5335529,115.1092099,971-348-9744
529,Jeniece,Stansbie,jstansbieeo@mediafire.com,Female,Upgradable,-31.48342,19.7582,557-857-5692
530,Nikkie,Warbrick,nwarbrickep@nbcnews.com,Female,circuit,-7.2017476,108.1562084,314-514-7012
531,Cami,Perkinson,cperkinsoneq@nps.gov,Female,non-volatile,14.5806413,121.0036417,976-958-8092
532,Helenelizabeth,Alltimes,halltimeser@timesonline.co.uk,Female,Secured,-7.9293213,113.013113,308-208-2895
533,Ree,Eddleston,reddlestones@w3.org,Female,approach,19.804587,109.355828,217-382-0133
534,Feliks,Layman,flaymanet@businessweek.com,Male,encoding,39.6288756,-8.6708785,798-603-9491
535,Aggie,Wadley,awadleyeu@gravatar.com,Female,local area network,54.7624683,48.6849571,943-750-1625
536,Georg,Lumsden,glumsdenev@phoca.cz,Male,budgetary management,-8.6841275,121.0507098,598-741-2755
537,Taddeusz,Pennington,tpenningtonew@pbs.org,Male,adapter,-23.7243543,-45.4306592,785-765-6300
538,Glen,Loudwell,gloudwellex@berkeley.edu,Female,Reverse-engineered,52.6863286,5.7569797,990-151-1839
539,Dacy,Jaffa,djaffaey@wp.com,Female,motivating,7.871544,122.550568,768-553-8321
540,Shamus,Hussy,shussyez@shutterfly.com,Male,Implemented,55.3964727,13.5973884,843-638-7411
541,Essy,Bonnaire,ebonnairef0@exblog.jp,Female,forecast,29.9338311,-9.351354,125-142-6197
542,Darlene,Segebrecht,dsegebrechtf1@vk.com,Female,Distributed,26.2778269,-80.109357,561-124-8834
543,Andrea,Mordaunt,amordauntf2@cnbc.com,Male,strategy,45.1934857,5.7218985,380-398-1448
544,Tiphany,Simeonov,tsimeonovf3@hhs.gov,Female,Re-engineered,9.9298167,-73.9590333,597-528-6929
545,Ansel,Newling,anewlingf4@goodreads.com,Male,Up-sized,18.2899888,-77.9530942,506-673-4639
546,Orson,Ravenscroftt,oravenscrofttf5@nature.com,Male,Realigned,6.6753696,124.5444219,465-589-7618
547,Giovanna,Falla,gfallaf6@theatlantic.com,Female,ability,32.8868129,36.0404049,806-773-5427
548,Whittaker,Ackerman,wackermanf7@wix.com,Male,Reactive,56.673312,22.574388,601-210-2190
549,Clemens,Mannakee,cmannakeef8@moonfruit.com,Male,Focused,27.700062,111.993497,894-142-8332
550,Mart,Zimmerman,mzimmermanf9@unblog.fr,Male,web-enabled,49.5642187,13.5559769,318-579-3270
551,Dorree,Ewence,dewencefa@issuu.com,Female,leading edge,49.0344853,2.2178783,406-771-0547
552,Whittaker,Hugonet,whugonetfb@google.nl,Male,Universal,33.9548846,-118.0273914,626-419-0912
553,Gaylor,Roxbee,groxbeefc@csmonitor.com,Male,artificial intelligence,60.4609132,25.0250415,239-378-7081
554,Fiorenze,Fitch,ffitchfd@com.com,Female,4th generation,38.26,-85.75,502-510-2737
555,Daryl,Vasilischev,dvasilischevfe@dmoz.org,Female,interface,38.2589551,140.3422958,816-989-4773
556,Laney,Le Jean,llejeanff@wp.com,Male,circuit,-7.1044542,107.9146687,256-699-2069
557,Frederik,Geely,fgeelyfg@columbia.edu,Male,Graphical User Interface,-10.8512419,-36.970226,326-772-1648
558,Piotr,Klosa,pklosafh@opensource.org,Male,Secured,9.6428113,123.4072107,870-529-5670
559,Lia,MacPharlain,lmacpharlainfi@dell.com,Female,Cross-platform,37.020948,122.093267,174-407-1723
560,Filip,Odby,fodbyfj@sbwire.com,Male,open system,-12.3992902,-74.8659421,567-242-0124
561,Stanly,Howitt,showittfk@nsw.gov.au,Male,Sharable,32.147679,114.091192,607-983-2434
562,Corry,Gostyke,cgostykefl@bbc.co.uk,Female,interface,48.7700185,2.3508225,563-278-4129
563,Krista,Westoff,kwestofffm@w3.org,Female,ability,4.6096768,101.1064003,691-167-6308
564,Kathie,Render,krenderfn@ucoz.ru,Female,exuding,-12.1253006,-77.0270549,385-748-7296
565,Shela,Winsbury,swinsburyfo@forbes.com,Female,model,51.4174879,18.0755564,774-870-2968
566,Catlaina,Di Biagio,cdibiagiofp@indiegogo.com,Female,exuding,14.6430983,121.0219885,839-823-7072
567,Cecil,Deniso,cdenisofq@sitemeter.com,Male,encryption,26.177796,116.816909,159-810-2565
568,Carlyn,Faustin,cfaustinfr@deliciousdays.com,Female,actuating,50.9614392,21.2804169,123-445-5420
569,Elwira,Haddleston,ehaddlestonfs@multiply.com,Female,Cross-platform,3.957378,126.679524,769-730-3479
570,Audi,Cejka,acejkaft@dion.ne.jp,Female,function,35.6083867,140.410859,939-894-0592
571,Buddy,Wintringham,bwintringhamfu@toplist.cz,Male,high-level,47.028397,129.0207931,302-220-1689
572,Che,Kendal,ckendalfv@tmall.com,Male,explicit,16.7184323,121.97007,352-865-8234
573,D'arcy,Senner,dsennerfw@amazon.co.uk,Male,contextually-based,3.7,98.166667,527-655-6297
574,Jo,Leverson,jleversonfx@zimbio.com,Male,process improvement,22.879493,116.061522,295-918-7791
575,Jasmin,Bagehot,jbagehotfy@netlog.com,Female,leading edge,49.5519718,17.3375604,883-812-4708
576,Benjy,Greatrex,bgreatrexfz@topsy.com,Male,high-level,24.607906,118.534074,881-496-8315
577,Ellerey,Agge,eaggeg0@msn.com,Male,Horizontal,26.7957017,86.2970998,228-822-6129
578,Lorrie,Saggers,lsaggersg1@whitehouse.gov,Female,Graphic Interface,-38.9395203,-68.1324297,246-152-6983
579,Bendick,Moncur,bmoncurg2@yelp.com,Male,Intuitive,39.3641607,-7.7461418,995-313-7333
580,Darin,Ackerman,dackermang3@prlog.org,Male,Programmable,41.16417,20.62333,168-128-6056
581,Evyn,Stancliffe,estancliffeg4@icq.com,Male,Exclusive,59.4030805,17.8325915,922-403-6757
582,Kath,Portman,kportmang5@themeforest.net,Female,structure,14.6790319,100.6985155,959-167-2376
583,Hadleigh,Grivori,hgrivorig6@dedecms.com,Male,Integrated,31.282641,120.392977,773-104-7770
584,Oliver,Berfoot,oberfootg7@posterous.com,Male,support,-25.9731585,28.2124013,899-946-2404
585,Adrian,Lornsen,alornseng8@ask.com,Male,background,-29.7108776,29.5078015,391-196-7299
586,Deeyn,Pree,dpreeg9@vistaprint.com,Female,implementation,49.0132543,17.4380293,433-471-5115
587,Marnia,Tolworthie,mtolworthiega@washington.edu,Female,multimedia,26.888665,112.616612,423-678-8297
588,Sydney,Handke,shandkegb@mediafire.com,Male,Function-based,14.5024732,120.9921722,472-751-6782
589,Yard,Hatchard,yhatchardgc@geocities.jp,Male,Innovative,49.8529322,14.7029932,129-399-6493
590,Antonietta,Hummerston,ahummerstongd@cdbaby.com,Female,pricing structure,49.23335,-102.1676,634-593-1651
591,Dalli,Jacobs,djacobsge@miitbeian.gov.cn,Male,Graphical User Interface,52.695844,62.5884412,669-753-0444
592,Ethan,Wheaton,ewheatongf@cnet.com,Male,foreground,31.302134,109.655804,379-773-9189
593,Wolf,Abethell,wabethellgg@woothemes.com,Male,internet solution,32.009016,112.122426,348-899-4845
594,Magdalen,Outhwaite,mouthwaitegh@photobucket.com,Female,Fundamental,-7.4471282,109.2179589,233-777-2058
595,Berkeley,Mallord,bmallordgi@mlb.com,Male,local,-34.7277137,-58.3326356,468-143-5077
596,Towny,Jagielski,tjagielskigj@ucsd.edu,Male,synergy,29.895386,106.570188,328-789-3072
597,Ninette,Girodier,ngirodiergk@hud.gov,Female,3rd generation,44.4,108.25,945-839-1747
598,Gladi,Easton,geastongl@economist.com,Female,process improvement,18.9337202,-70.4047314,953-624-6867
599,Rakel,Varlow,rvarlowgm@google.nl,Female,De-engineered,-22.8140057,-45.1904004,764-809-2078
600,Koenraad,Fraser,kfrasergn@chicagotribune.com,Male,artificial intelligence,53.3524256,-113.4153735,174-665-4116
601,Waylen,Sharnock,wsharnockgo@hp.com,Male,national,-6.7338751,111.3471022,592-848-4250
602,Clair,Kensy,ckensygp@npr.org,Male,Open-architected,41.2609927,-8.3135858,634-110-6128
603,Shaylah,Merrilees,smerrileesgq@marriott.com,Female,Extended,-38.0667198,-57.5823273,436-692-8314
604,Dud,Mungane,dmunganegr@amazon.com,Male,Digitized,14.904946,-91.780213,994-956-8042
605,Bendix,Davenall,bdavenallgs@github.com,Male,Persevering,8.5493413,-71.2428737,394-354-9755
606,Boonie,Kidsley,bkidsleygt@printfriendly.com,Male,Sharable,25.221935,102.4976,191-781-7999
607,Silvain,Rearie,sreariegu@state.tx.us,Male,bandwidth-monitored,-7.4209758,108.439474,564-549-1127
608,Goldie,Camps,gcampsgv@deliciousdays.com,Female,Self-enabling,-15.6412156,-70.3494605,101-224-7288
609,Celle,Summerhayes,csummerhayesgw@skyrock.com,Female,Integrated,10.3719544,123.9153917,645-637-0030
610,Olympia,Cristou,ocristougx@furl.net,Female,high-level,52.1058991,-9.7850991,384-645-4232
611,Ax,Leggitt,aleggittgy@yolasite.com,Male,Synergistic,37.9854094,23.7419512,752-652-2375
612,Lydia,Gostall,lgostallgz@intel.com,Female,Synchronised,15.0244769,102.8355708,511-654-0423
613,Betta,Antoszewski,bantoszewskih0@mac.com,Female,maximized,53.109084,87.546299,441-709-9355
614,Moselle,Coal,mcoalh1@ezinearticles.com,Female,algorithm,33.200333,120.50085,795-673-2980
615,Erina,Paxton,epaxtonh2@google.nl,Female,Grass-roots,58.9482486,23.5370533,225-570-5810
616,Finn,Aird,fairdh3@prnewswire.com,Male,algorithm,-6.8618504,111.971625,892-498-8824
617,Bev,Sweeting,bsweetingh4@state.tx.us,Male,analyzer,-7.7913526,111.9343636,573-925-7471
618,Ashleigh,Yardy,ayardyh5@squarespace.com,Female,Visionary,43.2038704,44.8434843,577-821-7333
619,Al,Jodkowski,ajodkowskih6@marriott.com,Male,migration,22.9410456,-109.94522,579-848-2858
620,Marni,Rouse,mrouseh7@ca.gov,Female,systematic,63.8105554,20.3121225,834-658-6176
621,Romain,Boleyn,rboleynh8@epa.gov,Male,Advanced,34.199479,119.578364,332-145-8408
622,Denver,Snewin,dsnewinh9@digg.com,Male,client-driven,-7.1047476,108.7303974,489-714-9996
623,Ella,Sudron,esudronha@lycos.com,Female,grid-enabled,13.6756725,-89.2514718,362-567-5179
624,Brandice,Cousins,bcousinshb@wufoo.com,Female,eco-centric,-21.8047006,-54.5432691,447-890-1492
625,Stacee,Anthonies,santhonieshc@bluehost.com,Female,Persevering,8.6800991,-82.855251,571-511-3377
626,Aldrich,Corbet,acorbethd@ebay.co.uk,Male,executive,49.8413005,19.7366045,955-666-1680
627,Ali,Signe,asignehe@youtu.be,Female,Networked,51.8433045,15.6903444,780-957-4319
628,Noak,Gurery,ngureryhf@nbcnews.com,Male,Up-sized,15.9946032,120.7916737,312-869-2233
629,Gustavo,Sidey,gsideyhg@jimdo.com,Male,non-volatile,48.8357169,2.2754517,522-398-9479
630,Warden,Verrick,wverrickhh@blogs.com,Male,analyzing,41.4390535,-6.3931513,549-464-0498
631,Kitty,Mac Giolla Pheadair,kmacgiollapheadairhi@mlb.com,Female,Decentralized,9.7016493,-84.1005807,610-780-7688
632,Frasier,Drewitt,fdrewitthj@gov.uk,Male,global,32.095838,34.952177,529-739-8780
633,Annemarie,Tatton,atattonhk@geocities.jp,Female,real-time,46.36313,30.64891,883-948-5894
634,Cecelia,Fife,cfifehl@indiatimes.com,Female,composite,29.985295,122.207215,881-736-8247
635,Alastair,Bentzen,abentzenhm@taobao.com,Male,definition,49.5508417,23.1084348,312-131-2223
636,Olag,Bernakiewicz,obernakiewiczhn@aol.com,Male,local,28.4630493,-81.460856,407-596-5151
637,Abel,d'Escoffier,adescoffierho@paginegialle.it,Male,implementation,18.6389698,-74.1181234,717-910-8341
638,Emlen,Benjefield,ebenjefieldhp@discovery.com,Male,circuit,26.6654996,-80.0590804,561-301-7370
639,Wain,Coath,wcoathhq@angelfire.com,Male,standardization,41.3015266,-8.5820391,762-954-5519
640,Junette,Muzzollo,jmuzzollohr@example.com,Female,disintermediate,29.2187967,19.2058436,741-365-1488
641,Thebault,Alyutin,talyutinhs@pagesperso-orange.fr,Male,monitoring,54.2084536,72.9614362,572-900-6724
642,Rand,Killiam,rkilliamht@jigsy.com,Male,capacity,-8.1141,111.7762,118-663-4496
643,Cherey,Gallaher,cgallaherhu@live.com,Female,Implemented,-19.8502345,-47.3706554,777-159-0374
644,Pasquale,Stennes,pstenneshv@ted.com,Male,Operative,55.7304016,26.2456407,878-269-2086
645,Kahaleel,Delort,kdelorthw@weather.com,Male,systemic,11.4025367,16.1713267,225-147-8701
646,Lezley,Whitby,lwhitbyhx@meetup.com,Male,optimizing,16.6337461,53.0311171,376-216-7536
647,Lynsey,Ruane,lruanehy@nifty.com,Female,Up-sized,30.210884,66.048012,762-619-0776
648,Sibley,Sivier,ssivierhz@jiathis.com,Female,contextually-based,-0.582624,35.1901151,201-598-6874
649,Isahella,Spini,ispinii0@ft.com,Female,maximized,9.3473628,105.1726816,130-351-3091
650,Rosabel,Lapsley,rlapsleyi1@artisteer.com,Female,model,32.147679,114.091192,739-173-8253
651,Garrett,McGonigal,gmcgonigali2@uiuc.edu,Male,demand-driven,36.854929,114.503339,202-556-4493
652,Otis,Waldera,owalderai3@umn.edu,Male,focus group,33.8676555,130.8939207,413-258-7663
653,Holt,Stuehmeyer,hstuehmeyeri4@yahoo.co.jp,Male,strategy,50.2414199,25.7622611,198-513-9934
654,Adelbert,Aubin,aaubini5@wordpress.com,Male,complexity,33.8937913,35.5017767,373-649-2369
655,Kamillah,Houldcroft,khouldcrofti6@ezinearticles.com,Female,motivating,-7.1056569,107.9005972,374-158-5583
656,Mattie,Rainer,mraineri7@squarespace.com,Male,User-centric,-12.9730966,-44.0199152,324-778-9702
657,Normy,Orriss,norrissi8@sciencedirect.com,Male,Object-based,37.4110966,-122.0181762,650-286-8400
658,Ivory,Markushkin,imarkushkini9@springer.com,Female,implementation,-27.0501654,-55.5746294,911-308-8527
659,Mayer,Graser,mgraseria@over-blog.com,Male,toolset,44.7696167,19.2935412,130-445-7606
660,Shena,Pinnegar,spinnegarib@wufoo.com,Female,Customer-focused,-6.7497763,111.6712894,544-662-4935
661,Caitlin,Beddon,cbeddonic@wsj.com,Female,neutral,53.3895926,-6.1097188,153-761-2932
662,Pepillo,Grote,pgroteid@google.ca,Male,Organized,49.9890993,18.5699721,546-828-5049
663,Graeme,Calltone,gcalltoneie@vk.com,Male,Streamlined,37.186035,120.701061,977-727-1421
664,Cornall,Duckerin,cduckerinif@google.co.jp,Male,Object-based,36.3548175,36.6980807,522-960-9130
665,Maitilde,Winkworth,mwinkworthig@linkedin.com,Female,global,-23.351784,-47.6931718,834-675-2521
666,Edgar,Woodhead,ewoodheadih@webs.com,Male,conglomeration,40.667433,122.235084,608-454-7112
667,Bren,Dissman,bdissmanii@cisco.com,Female,Polarised,38.3628307,-0.5210565,662-838-0266
668,Darell,Alleyne,dalleyneij@comcast.net,Female,optimizing,-6.7594317,111.4484559,206-504-0651
669,Arlyne,Sparshatt,asparshattik@people.com.cn,Female,monitoring,18.1142139,120.5239731,836-886-2483
670,Marshall,Domsalla,mdomsallail@dot.gov,Male,moratorium,44.8310092,37.5460072,268-781-4092
671,Liza,McCorley,lmccorleyim@seesaa.net,Female,Self-enabling,-7.690753,109.2861268,859-867-7741
672,Gamaliel,O'Toole,gotoolein@pbs.org,Male,knowledge base,37.8199686,140.5540146,298-868-2881
673,Aretha,Risson,arissonio@vistaprint.com,Female,national,33.759248,109.875933,255-992-1237
674,Spenser,Dymoke,sdymokeip@ebay.co.uk,Male,user-facing,38.4251533,-7.5286618,477-505-2941
675,Hannie,Adolfson,hadolfsoniq@elegantthemes.com,Female,application,15.2110438,51.2500919,712-802-9532
676,Jeffrey,Weatherdon,jweatherdonir@ameblo.jp,Male,Function-based,-13.28918,-75.318153,900-878-1637
677,Stan,Limrick,slimrickis@narod.ru,Male,encryption,9.2207,122.9053,287-359-4124
678,Isaak,Stallwood,istallwoodit@i2i.jp,Male,Front-line,-6.267562,106.6143944,264-203-6499
679,Kristofor,Luddy,kluddyiu@domainmarket.com,Male,Decentralized,28.4728106,114.552112,130-757-6670
680,Rice,Overal,roveraliv@comsenz.com,Male,productivity,32.1030654,131.3999389,176-832-1517
681,Alfonso,Buckthorpe,abuckthorpeiw@ameblo.jp,Male,moderator,26.082105,119.328515,262-238-9009
682,Geoffrey,Muscat,gmuscatix@craigslist.org,Male,conglomeration,55.8709949,-4.2494388,993-353-2657
683,Thibaud,Cree,tcreeiy@unesco.org,Male,attitude,36.0491557,120.2139413,834-222-6892
684,Bale,Lescop,blescopiz@fc2.com,Male,Robust,24.8987787,68.8274279,297-720-3202
685,Thornton,Levings,tlevingsj0@xinhuanet.com,Male,systemic,43.7400718,7.4266436,387-915-2766
686,Marlene,Cowoppe,mcowoppej1@marriott.com,Female,asymmetric,15.868716,120.3920116,571-539-5599
687,Gwyn,Blitz,gblitzj2@phoca.cz,Female,Graphic Interface,41.7941883,123.3695459,300-712-6700
688,Barb,Carrick,bcarrickj3@sciencedirect.com,Female,throughput,0.7193581,32.531617,410-757-3225
689,Minta,Keats,mkeatsj4@berkeley.edu,Female,Networked,-10.31,123.69983,307-330-2291
690,Justis,Bambury,jbamburyj5@epa.gov,Male,customer loyalty,51.768362,55.11302,420-171-6447
691,Crissie,Gwillyam,cgwillyamj6@gizmodo.com,Female,flexibility,32.341673,36.2020028,392-258-3672
692,Lowell,Gannan,lgannanj7@marriott.com,Male,Expanded,7.0706548,-73.4415929,871-624-7625
693,Gay,Wimms,gwimmsj8@devhub.com,Female,adapter,7.7553228,124.2474479,598-850-0105
694,Theodore,Mayhou,tmayhouj9@bloglovin.com,Male,analyzing,22.8811032,113.622578,650-862-9135
695,Alix,Nevill,anevillja@ustream.tv,Female,Self-enabling,5.7022374,-1.2842887,896-510-5833
696,Mateo,Statton,mstattonjb@hatena.ne.jp,Male,Triple-buffered,50.6375507,17.8149641,242-853-1419
697,Hall,Boyce,hboycejc@ebay.co.uk,Male,artificial intelligence,45.1141124,41.0051614,473-144-9022
698,Katuscha,Cammocke,kcammockejd@mysql.com,Female,Synergistic,38.4784282,-9.1007778,216-145-2717
699,Lorettalorna,Jepperson,ljeppersonje@sciencedaily.com,Female,human-resource,24.47669,32.94626,181-506-7247
700,Mordy,Rushton,mrushtonjf@msn.com,Male,dynamic,30.7066802,31.2447709,203-183-4938
701,Walton,Pomery,wpomeryjg@japanpost.jp,Male,local area network,8.417766,126.207415,977-246-6700
702,Mordecai,Doody,mdoodyjh@unicef.org,Male,knowledge user,48.1700928,11.5776824,720-142-5858
703,Cristen,Peddie,cpeddieji@house.gov,Female,global,-13.65232,-41.843571,348-440-8259
704,Josefina,Wastling,jwastlingjj@nih.gov,Female,matrices,61.3066824,17.0542559,249-967-7512
705,Clarey,McAvin,cmcavinjk@princeton.edu,Female,De-engineered,41.4069416,-8.4028972,855-920-5295
706,Stephen,Sagar,ssagarjl@mlb.com,Male,bifurcated,-6.7306,111.388,723-963-1866
707,Ham,Mault,hmaultjm@dion.ne.jp,Male,Streamlined,20.6941604,-103.3818783,925-152-5057
708,Ingelbert,Winward,iwinwardjn@bloomberg.com,Male,neutral,4.5604389,-74.115187,391-360-7594
709,Judon,Ducker,jduckerjo@washington.edu,Male,empowering,29.865333,116.272704,435-754-4446
710,Amandi,Harms,aharmsjp@cdbaby.com,Female,user-facing,56.654278,90.5782439,737-355-2710
711,Tanney,Roakes,troakesjq@smugmug.com,Male,static,48.8567544,2.3510471,257-290-8934
712,Susanetta,Hawken,shawkenjr@go.com,Female,groupware,12.866667,7.233333,729-433-8916
713,Judye,Poulett,jpoulettjs@nbcnews.com,Female,moderator,-6.4933318,106.8809319,706-446-9065
714,Jeff,Atton,jattonjt@cloudflare.com,Male,real-time,34.5278415,69.1134149,661-378-5178
715,Brig,McQuaide,bmcquaideju@hao123.com,Male,heuristic,43.8447278,4.3520438,113-315-7321
716,Flss,Gokes,fgokesjv@kickstarter.com,Female,middleware,7.5164282,-78.1607186,724-680-7511
717,Shani,Lidyard,slidyardjw@economist.com,Female,responsive,47.0682122,-0.8494862,329-968-3432
718,Worthy,Steedman,wsteedmanjx@google.ru,Male,intermediate,-7.1476205,112.861196,271-661-1530
719,Tuck,Linch,tlinchjy@auda.org.au,Male,eco-centric,43.817071,125.323544,825-429-7930
720,Clerkclaude,Verlander,cverlanderjz@acquirethisname.com,Male,optimizing,46.857141,130.325723,163-744-7588
721,Inger,Petley,ipetleyk0@newyorker.com,Female,tangible,-21.8898802,-47.6455169,273-707-6091
722,Binky,McDill,bmcdillk1@bizjournals.com,Male,Reactive,-3.755635,114.8033337,632-933-7860
723,Abbie,Cleveley,acleveleyk2@cisco.com,Male,Assimilated,12.5683747,99.9576888,860-121-1798
724,Hoebart,Armer,harmerk3@comcast.net,Male,content-based,54.9173747,73.4361761,908-454-9080
725,Donetta,Enterlein,denterleink4@abc.net.au,Female,human-resource,49.4931107,36.8206064,719-985-4685
726,Ara,Egdale,aegdalek5@earthlink.net,Male,holistic,14.5005732,120.9926908,236-838-0408
727,Thekla,Krates,tkratesk6@auda.org.au,Female,throughput,22.0080725,113.3785933,318-247-8165
728,Simon,MacConnel,smacconnelk7@china.com.cn,Male,actuating,30.66044,120.013991,771-732-0540
729,Marcelo,Bockler,mbocklerk8@google.fr,Male,methodology,-6.8892965,112.3635806,836-508-1885
730,Alicia,Vasiljevic,avasiljevick9@accuweather.com,Female,Public-key,6.3203695,7.4083958,918-786-7523
731,Nil,Portchmouth,nportchmouthka@craigslist.org,Male,definition,58.6247472,59.8241142,225-708-6679
732,Jemimah,Grayshan,jgrayshankb@usa.gov,Female,Realigned,50.25649,120.46231,965-604-5411
733,Mariam,Cockshtt,mcockshttkc@google.co.uk,Female,scalable,49.5519718,17.3375604,650-404-1805
734,Kristy,Gallant,kgallantkd@usgs.gov,Female,Monitored,30.2646273,78.5064473,114-798-1986
735,Ofella,Bonifazio,obonifazioke@google.com.br,Female,client-server,32.0550488,131.4937793,199-186-2717
736,Silvana,Jurczak,sjurczakkf@princeton.edu,Female,regional,54.896241,59.8586221,978-219-6494
737,Talbot,Orlton,torltonkg@ihg.com,Male,Mandatory,40.7559095,-0.3371889,720-870-4890
738,Olly,Airds,oairdskh@oaic.gov.au,Female,orchestration,32.990664,112.528308,677-481-7970
739,Rutter,Weepers,rweeperski@opensource.org,Male,Extended,46.6199614,104.5658605,930-813-4594
740,Jeramie,Alan,jalankj@tinyurl.com,Male,full-range,25.464681,99.541236,513-243-5204
741,Tabitha,Mattock,tmattockkk@census.gov,Female,Diverse,50.5878419,13.8083154,603-853-9868
742,Zak,Spincks,zspinckskl@usnews.com,Male,multi-state,53.0319419,18.9576575,728-547-7131
743,Costanza,Bortolussi,cbortolussikm@japanpost.jp,Female,Configurable,49.4418055,11.1234198,748-445-7575
744,Marianne,Noulton,mnoultonkn@godaddy.com,Female,next generation,-6.8622047,111.6051176,483-176-8990
745,Concettina,McMichael,cmcmichaelko@macromedia.com,Female,extranet,-34.6488719,-56.0668126,779-214-2355
746,Belita,Fley,bfleykp@comsenz.com,Female,definition,-9.8015544,-77.4314703,325-920-2676
747,Grantham,Maden,gmadenkq@sitemeter.com,Male,zero administration,43.513695,26.1390805,326-271-5896
748,Fraser,Matejic,fmatejickr@shareasale.com,Male,Visionary,-5.2755737,-79.1048501,741-236-7336
749,Shelbi,Bateson,sbatesonks@surveymonkey.com,Female,dynamic,52.8416063,53.4831411,974-293-5370
750,Tobe,Gaunter,tgaunterkt@artisteer.com,Male,Assimilated,39.405075,117.441505,613-745-4051
751,Alexis,Pogue,apogueku@earthlink.net,Male,Versatile,56.37737,37.32871,122-798-2673
752,Curran,Harrisson,charrissonkv@desdev.cn,Male,Extended,28.407117,117.596452,172-285-8390
753,Minetta,Sheerin,msheerinkw@nsw.gov.au,Female,hierarchy,60.2615318,37.9796654,362-988-7661
754,Winthrop,Gallaher,wgallaherkx@answers.com,Male,Operative,35.9928004,37.0507676,980-156-3406
755,Stanfield,Millwall,smillwallky@nps.gov,Male,human-resource,30.3645144,113.4276436,896-142-9038
756,Dorena,Perkinson,dperkinsonkz@cmu.edu,Female,local area network,38.1628578,68.6707836,772-216-3438
757,Sibyl,Pfeiffer,spfeifferl0@godaddy.com,Female,Cross-platform,37.9600766,58.3260629,828-345-8033
758,Ebenezer,Feaks,efeaksl1@dagondesign.com,Male,heuristic,-24.8009137,-65.426487,958-828-0748
759,Kim,Rewcassell,krewcasselll2@ft.com,Female,Customizable,52.6340378,28.9459316,197-956-6968
760,Clovis,Sprake,csprakel3@intel.com,Female,circuit,55.3605576,52.0111855,530-613-0508
761,Katheryn,Weightman,kweightmanl4@qq.com,Female,next generation,10.3696393,-66.9571026,575-239-3146
762,Sherm,Alentyev,salentyevl5@dot.gov,Male,hybrid,-12.9406805,-76.3984537,111-134-8062
763,Gypsy,Bibb,gbibbl6@reddit.com,Female,analyzer,29.090585,21.3321974,674-999-9163
764,Alissa,Langton,alangtonl7@psu.edu,Female,value-added,50.2837307,2.7425682,432-530-5109
765,Binni,Tuson,btusonl8@sciencedaily.com,Female,static,42.26667,24.55,538-138-2542
766,Elwin,Steely,esteelyl9@sogou.com,Male,Digitized,48.8109783,25.431687,797-814-6685
767,Fabio,Flanagan,fflanaganla@wikipedia.org,Male,24 hour,35.2970392,25.0182231,465-152-0317
768,Charmian,Crosser,ccrosserlb@addtoany.com,Female,Implemented,15.0676,43.64213,240-319-0201
769,Chick,Gooderridge,cgooderridgelc@digg.com,Male,background,-8.401854,114.118103,689-784-3119
770,Sherri,Hungerford,shungerfordld@de.vu,Female,paradigm,14.1305459,120.838467,797-572-7535
771,Daniele,Coulter,dcoulterle@stumbleupon.com,Female,Optimized,37.473022,116.603883,313-520-2815
772,Goldi,St Leger,gstlegerlf@rakuten.co.jp,Female,neural-net,-33.0516935,-71.3906234,203-736-0072
773,Prescott,Naisbit,pnaisbitlg@elegantthemes.com,Male,moratorium,48.890054,2.2372792,122-802-5880
774,Chryste,Grazier,cgrazierlh@whitehouse.gov,Female,Monitored,15.2081378,99.9688636,663-166-8772
775,Tremain,Rossbrook,trossbrookli@indiatimes.com,Male,reciprocal,38.6134405,-9.0019336,377-187-2331
776,Benedick,Dullingham,bdullinghamlj@i2i.jp,Male,executive,59.2348351,18.100292,166-838-0455
777,Edan,Allender,eallenderlk@shinystat.com,Male,task-force,39.2097706,54.594037,358-590-6189
778,Wesley,Papachristophorou,wpapachristophoroull@statcounter.com,Male,homogeneous,-8.5408,115.1191,628-613-0728
779,Garvin,Seide,gseidelm@webeden.co.uk,Male,hierarchy,40.1726307,-8.4357299,462-112-6019
780,Udale,Mallall,umallallln@alexa.com,Male,Cross-platform,25.9375976,-100.3638252,324-340-2997
781,Reggie,Theuss,rtheusslo@howstuffworks.com,Male,Programmable,41.2022247,-8.5597719,519-690-5430
782,Thorpe,Challender,tchallenderlp@blogs.com,Male,artificial intelligence,27.6791846,30.7738154,491-820-3855
783,Alwin,Orgel,aorgellq@comsenz.com,Male,software,40.5047756,-8.529346,556-219-4847
784,Berty,Bronger,bbrongerlr@diigo.com,Male,3rd generation,10.4977514,-63.5540551,876-627-3242
785,Robyn,Wannell,rwannellls@360.cn,Female,Centralized,1.2750177,-77.0334179,917-347-1425
786,Lula,Spurnier,lspurnierlt@cocolog-nifty.com,Female,Networked,50.188406,18.598769,143-774-3756
787,Maximilien,Farress,mfarresslu@yahoo.com,Male,orchestration,30.741991,121.341969,908-789-9335
788,Elfrida,Corsor,ecorsorlv@ehow.com,Female,mission-critical,29.985295,122.207215,680-359-9199
789,Sarette,Kubalek,skubaleklw@netlog.com,Female,maximized,52.423321,47.202499,860-471-6619
790,Shelli,Nower,snowerlx@indiegogo.com,Female,Multi-tiered,26.244258,116.512887,976-252-7479
791,Anestassia,Gogay,agogayly@marriott.com,Female,motivating,40.5931238,43.7385844,607-829-4304
792,Ari,Squibbs,asquibbslz@bigcartel.com,Male,productivity,6.979498,-75.2966019,627-894-9921
793,Francklin,Oldroyde,foldroydem0@t.co,Male,Synergized,-2.8553432,115.3074646,997-820-9526
794,Cynthy,Linskey,clinskeym1@usa.gov,Female,approach,30.679359,104.011664,880-794-4263
795,Francisca,Baynham,fbaynhamm2@yellowbook.com,Female,modular,34.6882288,32.9550349,264-295-5719
796,Valentine,Smees,vsmeesm3@alexa.com,Male,attitude-oriented,17.4561766,50.580869,309-988-0269
797,Florette,Birchenhead,fbirchenheadm4@nationalgeographic.com,Female,archive,11.362015,124.3470222,278-622-1335
798,Thekla,Myles,tmylesm5@forbes.com,Female,demand-driven,29.046809,110.482084,382-511-1553
799,Titus,Mouth,tmouthm6@moonfruit.com,Male,Total,63.1841185,25.0885217,694-238-3526
800,Ermengarde,Phillips,ephillipsm7@intel.com,Female,bandwidth-monitored,5.075748,-75.964144,378-448-2782
801,Derwin,Fidoe,dfidoem8@gmpg.org,Male,Stand-alone,54.1415093,15.3283906,861-165-1017
802,Pippo,Klink,pklinkm9@blogger.com,Male,multi-tasking,25.587519,112.36902,616-408-9087
803,Cristabel,Findlow,cfindlowma@topsy.com,Female,Reduced,-20.7430332,-46.6096926,973-120-3616
804,Millard,Lashford,mlashfordmb@arstechnica.com,Male,website,-7.0395,113.69823,864-978-4704
805,Tammy,Holywell,tholywellmc@nifty.com,Male,methodical,22.3154812,89.1114525,974-250-9965
806,Gwennie,Allcott,gallcottmd@bigcartel.com,Female,tertiary,47.594843,1.3155028,905-464-7835
807,Kip,Annable,kannableme@baidu.com,Female,website,10.2644903,123.5842054,496-282-6246
808,Terrill,Deakin,tdeakinmf@people.com.cn,Male,static,59.903525,32.3469693,142-113-1029
809,Ky,Surman,ksurmanmg@statcounter.com,Male,Cloned,55.5480165,13.931553,951-779-7869
810,Amabel,Lambricht,alambrichtmh@tripadvisor.com,Female,system-worthy,-6.7816552,105.6969788,458-560-7631
811,Jo-ann,Febry,jfebrymi@earthlink.net,Female,eco-centric,57.7197857,12.933356,209-253-0298
812,Salli,Wybrew,swybrewmj@woothemes.com,Female,content-based,14.6710601,102.026135,265-472-0611
813,Adamo,Bachs,abachsmk@weebly.com,Male,Stand-alone,24.84662,116.746096,838-127-2153
814,Sauncho,Beautyman,sbeautymanml@vinaora.com,Male,Programmable,34.36441,36.4158225,248-600-2917
815,Eadie,Butts,ebuttsmm@mail.ru,Female,open architecture,4.6376919,9.6870459,478-119-6902
816,Vernice,Rasper,vraspermn@sogou.com,Female,migration,22.6085156,113.1882767,535-156-8981
817,Carroll,Kagan,ckaganmo@reference.com,Male,Expanded,48.6618569,91.339774,386-862-1127
818,Claudia,Aguirre,caguirremp@mail.ru,Female,methodology,-7.5749752,110.6317907,630-844-8836
819,Ogdon,Dockerty,odockertymq@buzzfeed.com,Male,fault-tolerant,32.2746515,35.8960765,493-991-5449
820,Paloma,Bawden,pbawdenmr@symantec.com,Female,task-force,32.19061,35.29332,373-442-0789
821,Venita,Letty,vlettyms@youtu.be,Female,eco-centric,22.347589,110.309677,349-697-7559
822,Leonerd,Chomicz,lchomiczmt@omniture.com,Male,logistical,14.5752935,100.4508956,807-924-5130
823,Silvain,Tweed,stweedmu@nymag.com,Male,Secured,-22.3463487,-48.7862736,567-276-5309
824,Dreddy,Cleaves,dcleavesmv@woothemes.com,Female,Implemented,33.8849101,-117.9941812,344-960-4289
825,Frannie,Howford,fhowfordmw@alibaba.com,Female,impactful,66.000926,24.3895975,924-289-2067
826,Sergio,Denerley,sdenerleymx@clickbank.net,Male,secondary,48.9086571,2.4532855,310-649-2966
827,Garald,Minci,gmincimy@sun.com,Male,content-based,44.9259216,19.5010071,271-568-1448
828,Zitella,Dyball,zdyballmz@jugem.jp,Female,tangible,-6.9244486,107.6365834,391-207-7228
829,Stacey,Rayner,sraynern0@usatoday.com,Female,User-friendly,31.7711077,119.9742793,240-359-4549
830,Brannon,Jeavon,bjeavonn1@a8.net,Male,info-mediaries,35.7819637,37.4974776,634-378-1370
831,Gayelord,Prevost,gprevostn2@cbsnews.com,Male,impactful,28.3102323,81.4278984,605-569-2962
832,Reagan,McKenzie,rmckenzien3@aol.com,Male,context-sensitive,3.0782922,101.5931076,352-109-8961
833,Jordain,Dowse,jdowsen4@slate.com,Female,Inverse,39.5511448,-104.9505671,303-313-9368
834,Lurlene,Elwill,lelwilln5@npr.org,Female,Team-oriented,43.3250688,132.3546464,752-717-4762
835,Sybila,Tinker,stinkern6@friendfeed.com,Female,protocol,44.8278003,14.7318165,329-962-0471
836,Arlinda,Argente,aargenten7@archive.org,Female,Automated,36.112722,116.454574,742-606-9506
837,Mickie,Bridge,mbridgen8@berkeley.edu,Male,Re-contextualized,9.329496,125.554433,558-298-8058
838,Danice,Cornwell,dcornwelln9@about.com,Female,Balanced,8.1296031,-81.026991,381-394-1464
839,Justinn,Sustins,jsustinsna@skype.com,Female,De-engineered,60.60646,15.6355,418-240-6066
840,Welbie,Plummer,wplummernb@bluehost.com,Male,implementation,38.864241,47.040538,290-478-5736
841,Chandler,Shadbolt,cshadboltnc@weather.com,Male,hardware,30.453667,114.872199,805-827-3717
842,Abie,Pieroni,apieronind@mapquest.com,Male,system-worthy,36.7003816,139.7750031,344-969-9214
843,Tye,Britland,tbritlandne@ebay.co.uk,Male,capacity,36.27815,44.49332,749-744-8482
844,Virgina,Francillo,vfrancillonf@uol.com.br,Female,matrix,18.4180126,-66.0671709,710-131-1677
845,Cornela,Mutch,cmutchng@yandex.ru,Female,Public-key,8.956049,125.596794,245-888-0779
846,Isadora,Albutt,ialbuttnh@usatoday.com,Female,database,32.629398,110.798266,824-829-5480
847,Carey,Mowne,cmowneni@godaddy.com,Female,Self-enabling,-22.72125,27.31057,771-843-8707
848,Charisse,Lamburn,clamburnnj@acquirethisname.com,Female,neural-net,-8.5914352,-35.1186262,240-348-8337
849,Fae,Amorts,famortsnk@newyorker.com,Female,regional,41.410051,-7.4489531,576-536-6555
850,Mason,Broe,mbroenl@moonfruit.com,Male,Optional,-6.8013457,111.4126837,561-904-1135
851,Hilarius,Skerm,hskermnm@guardian.co.uk,Male,asymmetric,43.2270189,17.536297,124-792-7294
852,Shay,Bradwell,sbradwellnn@eepurl.com,Male,Automated,-17.566223,-63.2238376,565-760-2518
853,Derry,Hamly,dhamlyno@jimdo.com,Male,object-oriented,42.54688,72.20921,122-813-5874
854,Delmor,Mould,dmouldnp@hexun.com,Male,pricing structure,36.74,-119.8,559-307-5056
855,Mab,Lafflin,mlafflinnq@list-manage.com,Female,Organized,40.417358,117.500558,225-503-3106
856,Kyle,Plesing,kplesingnr@vistaprint.com,Male,focus group,59.9458801,10.7822137,728-576-2993
857,Andras,Snazle,asnazlens@gmpg.org,Male,responsive,51.792865,4.6999899,474-325-0178
858,Ileane,Boaler,iboalernt@rediff.com,Female,Assimilated,53.9842593,124.0715933,861-443-7976
859,Hyacinthe,Kem,hkemnu@t-online.de,Female,time-frame,11.4145346,124.8469591,276-536-8808
860,Tannie,Christopherson,tchristophersonnv@imageshack.us,Male,benchmark,60.3068052,15.3893305,410-689-8331
861,Osbourne,Kalkofen,okalkofennw@archive.org,Male,knowledge base,8.2853585,-78.1792434,471-396-5429
862,Keefer,Juszczyk,kjuszczyknx@earthlink.net,Male,extranet,17.292049,96.5756695,462-202-2591
863,Pate,Chiswell,pchiswellny@princeton.edu,Male,Networked,38.341245,101.193664,443-813-7317
864,Stacee,Honnan,shonnannz@meetup.com,Male,artificial intelligence,43.2467751,26.5761136,438-447-0666
865,Pavlov,Gatus,pgatuso0@vkontakte.ru,Male,Cross-platform,30.7959602,120.6060568,298-582-1556
866,Den,Palser,dpalsero1@istockphoto.com,Male,parallelism,37.9381943,126.5877948,105-256-9390
867,Deborah,Sparrowhawk,dsparrowhawko2@cocolog-nifty.com,Female,Enhanced,37.8098511,139.1200637,259-719-2658
868,Gabriele,Reuss,greusso3@epa.gov,Male,methodology,46.0573473,28.8253483,432-872-2466
869,Christean,Briffett,cbriffetto4@desdev.cn,Female,local,45.851694,128.8295359,536-146-3104
870,Sara,Airlie,sairlieo5@businessweek.com,Female,Down-sized,49.336,4.0935629,899-248-2864
871,Jaquelin,Bartolomivis,jbartolomiviso6@ask.com,Female,Persevering,45.3940354,18.3826102,541-770-2240
872,Bald,Ahrend,bahrendo7@bloglovin.com,Male,disintermediate,15.2931866,-90.1147496,814-781-5775
873,Celestia,Cornewell,ccornewello8@bing.com,Female,Team-oriented,14.8886565,-88.2777465,634-843-3951
874,Elita,Minigo,eminigoo9@wunderground.com,Female,client-server,43.1654615,69.9222782,921-388-4029
875,Aube,Kift,akiftoa@harvard.edu,Male,4th generation,33.24001,68.8663,312-674-6032
876,Lacee,Lazarus,llazarusob@japanpost.jp,Female,bifurcated,33.437877,113.609286,389-415-1143
877,Berny,M'cowis,bmcowisoc@1und1.de,Female,complexity,40.7240772,23.0043777,686-725-9686
878,Dionysus,Rhodef,drhodefod@amazonaws.com,Male,Universal,48.0778483,39.7955373,153-939-5685
879,Francesca,Howland,fhowlandoe@cisco.com,Female,complexity,41.733296,125.5668499,912-349-3569
880,Fair,Freshwater,ffreshwaterof@cloudflare.com,Male,scalable,36.837625,112.864561,729-980-7990
881,Chrisy,Normavill,cnormavillog@multiply.com,Male,fault-tolerant,18.791255,109.410699,717-336-0077
882,Randolf,Dakin,rdakinoh@gov.uk,Male,Ergonomic,-6.080007,140.276147,962-520-0824
883,Cybill,Bramley,cbramleyoi@wsj.com,Female,De-engineered,45.0485391,20.0808092,177-734-7772
884,Hamel,Wind,hwindoj@adobe.com,Male,Graphic Interface,36.553769,116.751986,160-279-0863
885,Corie,Bendig,cbendigok@wufoo.com,Female,neural-net,39.3253135,-9.232542,593-179-8661
886,Aurelea,Crudgington,acrudgingtonol@elpais.com,Female,internet solution,34.563589,105.011894,351-780-1574
887,Wilburt,Skivington,wskivingtonom@addtoany.com,Male,Mandatory,39.9929963,116.4690641,217-443-5930
888,Granville,Chastel,gchastelon@digg.com,Male,Profit-focused,-45.3321502,168.7149323,801-331-4509
889,Ham,Keele,hkeeleoo@google.co.jp,Male,full-range,55.6686582,93.3171734,243-578-8698
890,Obed,Icom,oicomop@scientificamerican.com,Male,monitoring,11.2934532,2.435696,639-565-2416
891,Roana,Joss,rjossoq@sogou.com,Female,model,23.156045,112.896606,830-767-0753
892,Chickie,Crowd,ccrowdor@jugem.jp,Male,maximized,13.6962531,100.8241914,863-190-7244
893,Jonathon,Eastment,jeastmentos@ovh.net,Male,well-modulated,49.45218,-123.2376,411-504-0564
894,Gery,Donoher,gdonoherot@who.int,Male,synergy,7.6738728,124.9935888,526-661-4658
895,Trescha,Devine,tdevineou@sina.com.cn,Female,Configurable,56.85206,59.0476359,465-155-1713
896,Yankee,Coldrick,ycoldrickov@mit.edu,Male,Public-key,19.4416194,-99.2473801,886-309-1529
897,Eustace,Bamforth,ebamforthow@istockphoto.com,Male,emulation,53.21983,15.75932,304-490-1833
898,Murdock,Frangleton,mfrangletonox@vk.com,Male,User-centric,-8.2593984,112.0714835,602-294-3054
899,Ardeen,Frill,afrilloy@java.com,Female,Front-line,45.90453,127.460685,480-531-6143
900,Giacobo,Robyns,grobynsoz@dmoz.org,Male,Object-based,38.995854,117.688815,255-172-4741
901,Celie,Tomblings,ctomblingsp0@e-recht24.de,Female,ability,-23.5297232,-47.1947232,187-553-4322
902,Pam,Puttnam,pputtnamp1@reuters.com,Female,uniform,41.5608072,-8.5863716,171-724-0322
903,Elmer,Greave,egreavep2@mashable.com,Male,optimizing,16.6921704,120.3391924,449-549-9124
904,Ramsay,MacCallister,rmaccallisterp3@reference.com,Male,contextually-based,61.2067486,62.8101616,596-375-5724
905,Casper,Barlace,cbarlacep4@geocities.jp,Male,model,49.4923255,39.617514,485-575-2526
906,Randell,Gonet,rgonetp5@pbs.org,Male,Optional,44.1313751,9.8292338,533-593-5790
907,Rich,Demchen,rdemchenp6@businesswire.com,Male,Down-sized,1.795801,-77.163397,777-798-5202
908,Monique,Tweedie,mtweediep7@jigsy.com,Female,optimizing,7.9632405,123.8751554,930-633-1207
909,Kathryne,Potkins,kpotkinsp8@howstuffworks.com,Female,Multi-layered,1.48833,124.97444,192-961-8612
910,Beverley,Curman,bcurmanp9@ustream.tv,Female,contingency,27.356747,110.944708,557-397-2083
911,Kingsley,Gehrts,kgehrtspa@msn.com,Male,Polarised,50.0273774,18.9189795,865-278-7325
912,Elsworth,Kaser,ekaserpb@instagram.com,Male,global,-21.609128,166.2143471,569-521-5273
913,Hart,Woolard,hwoolardpc@amazon.com,Male,Progressive,25.4390388,30.5586043,893-843-3423
914,Northrop,Beefon,nbeefonpd@yelp.com,Male,full-range,29.985295,122.207215,109-976-4927
915,Kimble,Boorer,kboorerpe@springer.com,Male,policy,44.255137,5.262028,693-569-0635
916,Mae,Ovitz,movitzpf@weibo.com,Female,array,26.600973,104.8265942,321-308-8290
917,Mabelle,Frankes,mfrankespg@un.org,Female,Centralized,25.112046,99.161761,879-528-6705
918,Cassie,Swatton,cswattonph@odnoklassniki.ru,Female,firmware,43.16678,-81.93309,693-804-2510
919,Lyn,Mathivon,lmathivonpi@redcross.org,Female,Cross-group,-32.8361857,-54.7604286,902-918-0169
920,Stavro,Rimer,srimerpj@bluehost.com,Male,analyzing,31.793861,117.309522,622-181-7117
921,Devonna,Lawrance,dlawrancepk@imgur.com,Female,object-oriented,47.666307,-2.7887335,584-646-8292
922,Laurene,Kibbee,lkibbeepl@php.net,Female,systemic,31.231121,121.466039,611-798-7107
923,Pamella,Skeldon,pskeldonpm@ed.gov,Female,Proactive,-8.2012757,112.1012912,895-711-2782
924,Sandy,Orry,sorrypn@prlog.org,Female,challenge,-32.9395437,-60.6949244,712-325-2166
925,Sal,Barrus,sbarruspo@mtv.com,Female,knowledge user,34.016449,64.5266446,760-122-7150
926,Blayne,Kintish,bkintishpp@macromedia.com,Male,secured line,46.737224,15.4424776,573-297-2402
927,Dorisa,Kingsnod,dkingsnodpq@ebay.co.uk,Female,full-range,26.789958,114.908872,204-725-0183
928,Free,Chaikovski,fchaikovskipr@ox.ac.uk,Male,ability,37.7451853,-25.5823865,423-648-5562
929,Deirdre,Blakeston,dblakestonps@dagondesign.com,Female,forecast,2.0469343,45.3181623,359-442-7891
930,Cirstoforo,Boteman,cbotemanpt@java.com,Male,focus group,-6.9947862,109.6341727,533-124-4657
931,Rebeka,Dowles,rdowlespu@ibm.com,Female,Intuitive,53.944,27.7823,891-653-4848
932,Millard,Milmo,mmilmopv@hp.com,Male,Organic,59.2256419,15.1567161,720-242-3782
933,Baird,O'Heneghan,boheneghanpw@rakuten.co.jp,Male,Customizable,31.5126804,120.2947416,520-437-9068
934,Mischa,Gosz,mgoszpx@cornell.edu,Male,transitional,-7.783297,110.363649,905-359-5654
935,Hilliard,Koschke,hkoschkepy@admin.ch,Male,Optional,14.5919106,121.0228804,587-940-6533
936,Ardenia,Arrigucci,aarriguccipz@amazon.com,Female,alliance,-5.6042815,105.1142011,610-960-7460
937,Dewitt,Paddefield,dpaddefieldq0@kickstarter.com,Male,task-force,46.3940407,14.4979088,269-194-8946
938,Fair,Towers,ftowersq1@bbc.co.uk,Male,bifurcated,57.6055534,12.2028691,272-387-2966
939,Benjamen,McRobbie,bmcrobbieq2@de.vu,Male,logistical,-37.9599734,-57.6201482,186-920-7535
940,Maudie,Shales,mshalesq3@wix.com,Female,leverage,45.70734,5.534063,539-711-8407
941,Rebekkah,Signore,rsignoreq4@sohu.com,Female,Versatile,0.6538277,124.2866091,350-721-0182
942,Marlo,Peatt,mpeattq5@indiatimes.com,Female,fault-tolerant,57.9887927,56.1415665,562-204-7599
943,Aigneis,Thomazin,athomazinq6@people.com.cn,Female,portal,43.918776,125.2907021,472-599-3733
944,Louella,Clausius,lclausiusq7@123-reg.co.uk,Female,help-desk,36.119485,128.3445734,791-306-3912
945,Taber,Paske,tpaskeq8@bloomberg.com,Male,national,-25.4106487,-57.3609511,617-136-4201
946,Christa,Troak,ctroakq9@nationalgeographic.com,Female,methodology,15.6240255,120.3903545,463-508-5474
947,Adams,Cicchinelli,acicchinelliqa@usa.gov,Male,Stand-alone,46.176012,129.425798,488-324-8014
948,Townsend,Scibsey,tscibseyqb@chronoengine.com,Male,utilisation,40.105193,124.3602631,317-358-9324
949,Angelle,Bew,abewqc@nature.com,Female,adapter,55.4602073,50.1454514,398-258-9305
950,Jasun,Feore,jfeoreqd@4shared.com,Male,even-keeled,46.3410071,3.2530151,950-125-9780
951,Slade,Berryman,sberrymanqe@wired.com,Male,multi-tasking,6.83493,158.2987,180-612-6004
952,Ernesto,Springford,espringfordqf@rakuten.co.jp,Male,Networked,46.6794431,29.974368,288-359-1411
953,Bone,Minucci,bminucciqg@infoseek.co.jp,Male,user-facing,32.2821952,-90.2291565,601-198-1982
954,Geralda,Lowndsborough,glowndsboroughqh@wisc.edu,Female,asymmetric,26.745704,118.469281,385-195-1043
955,Cyrus,Richings,crichingsqi@reddit.com,Male,Front-line,59.4310564,26.2664249,166-540-1570
956,Locke,Vannuchi,lvannuchiqj@prweb.com,Male,exuding,-9.4355285,119.2627176,249-499-4995
957,Colby,Vanderplas,cvanderplasqk@wufoo.com,Male,pricing structure,45.050726,64.9798593,106-231-4157
958,Hamish,Anstiss,hanstissql@tamu.edu,Male,coherent,48.1440135,11.6074275,344-731-7587
959,Lorrayne,Levis,llevisqm@dailymotion.com,Female,Secured,10.378758,-66.8521565,861-820-5249
960,Thalia,Murby,tmurbyqn@timesonline.co.uk,Female,algorithm,51.114514,22.3898739,781-242-0294
961,Demetria,Barthrup,dbarthrupqo@slideshare.net,Female,superstructure,14.868392,-91.619388,703-550-2854
962,Wendel,Turville,wturvilleqp@cbsnews.com,Male,productivity,35.136722,102.8777,575-122-6272
963,Violet,Benoiton,vbenoitonqq@cbsnews.com,Female,Robust,43.4968733,-1.4703339,284-700-5855
964,Garret,McKennan,gmckennanqr@comsenz.com,Male,intranet,-22.5284121,-43.7334089,565-748-5295
965,Thalia,Abrashkin,tabrashkinqs@arizona.edu,Female,migration,35.407281,101.965795,145-671-5623
966,Franzen,Hayhow,fhayhowqt@csmonitor.com,Male,interactive,22.517585,113.39277,495-457-3437
967,Lorelei,Summerlee,lsummerleequ@twitter.com,Female,Enhanced,6.2820276,10.2852532,633-272-9864
968,Ethan,Yakunchikov,eyakunchikovqv@zdnet.com,Male,circuit,30.554299,114.316513,273-409-1162
969,Mechelle,Albro,malbroqw@paginegialle.it,Female,task-force,-23.5795137,-47.9985512,280-151-8508
970,Laetitia,Almeida,lalmeidaqx@opensource.org,Female,Customer-focused,30.643939,104.045346,927-853-5087
971,Robina,Ingledew,ringledewqy@usatoday.com,Female,website,48.5556837,-71.3205493,778-965-6426
972,Dawna,Cocker,dcockerqz@com.com,Female,Object-based,10.2493103,-68.8496351,361-579-5605
973,Norby,Hurdwell,nhurdwellr0@harvard.edu,Male,Horizontal,48.8744977,2.3410371,879-993-7129
974,Hertha,Gutteridge,hgutteridger1@vistaprint.com,Female,Secured,-1.5176837,37.2634146,178-947-3365
975,Giacobo,Maving,gmavingr2@discovery.com,Male,logistical,-0.3915604,102.2862694,736-182-8404
976,Jeff,Lindenboim,jlindenboimr3@1688.com,Male,Implemented,24.066095,108.664778,975-687-0934
977,Tanney,Rounsefull,trounsefullr4@nature.com,Male,Digitized,35.1332903,-106.6167113,505-143-2676
978,Griz,Crewther,gcrewtherr5@netlog.com,Male,system engine,44.829819,34.915084,712-738-0994
979,Orelle,Cockroft,ocockroftr6@bbb.org,Female,flexibility,58.5812006,16.1481061,904-494-8167
980,Stafford,McCaffery,smccafferyr7@ustream.tv,Male,initiative,-19.8073042,-44.1815176,189-953-3968
981,Dall,Djurdjevic,ddjurdjevicr8@github.io,Male,extranet,31.311756,118.372655,162-974-1216
982,Nanette,Byne,nbyner9@1688.com,Female,workforce,-34.6146409,-58.5056396,582-376-1528
983,Ave,Cattermoul,acattermoulra@cmu.edu,Male,web-enabled,49.4303242,22.5942366,165-626-4775
984,Tammie,McLachlan,tmclachlanrb@studiopress.com,Female,success,55.9858675,14.271615,688-561-2261
985,Arv,Pellew,apellewrc@liveinternet.ru,Male,local area network,49.45802,-120.51076,403-411-3941
986,Paule,Bantham,pbanthamrd@berkeley.edu,Female,initiative,32.8568937,36.6255869,976-622-3816
987,Enrico,Oaker,eoakerre@ning.com,Male,Distributed,42.6930655,24.4496426,411-507-1273
988,Kaspar,Sucre,ksucrerf@homestead.com,Male,Upgradable,13.2409585,123.7750159,376-350-0973
989,Maryann,Fatharly,mfatharlyrg@so-net.ne.jp,Female,leverage,39.944315,116.809657,827-535-1852
990,Angelina,Temby,atembyrh@gravatar.com,Female,monitoring,33.3399221,10.4958678,667-179-1664
991,Shelby,Beharrell,sbeharrellri@symantec.com,Male,Optimized,41.5872,129.6051376,706-241-2812
992,Rowan,Mogford,rmogfordrj@gravatar.com,Male,solution-oriented,39.7723073,47.6154166,395-841-1811
993,Viviana,Menci,vmencirk@sciencedirect.com,Female,client-driven,60.3560649,5.3446343,454-763-7247
994,Othelia,Alldridge,oalldridgerl@unicef.org,Female,Ameliorated,36.689044,117.302269,250-427-7631
995,Brunhilda,Sinden,bsindenrm@phpbb.com,Female,service-desk,10.8325561,5.8274722,413-765-6636
996,Glenda,Barbe,gbarbern@sphinn.com,Female,transitional,22.1979265,-78.9118506,571-476-3092
997,Mari,Ecclesall,mecclesallro@macromedia.com,Female,initiative,13.13452,43.78636,615-891-2309
998,Edin,Tomaszek,etomaszekrp@myspace.com,Female,product,53.3004898,-6.2634596,106-339-8606
999,Missie,Scanlin,mscanlinrq@google.fr,Female,Sharable,53.109084,87.546299,366-565-3520
1000,Carol-jean,Stoffels,cstoffelsrr@google.com,Female,multi-state,50.6261682,13.9528289,731-177-9162
